Galaxy,Id,X,Y,Prediction
ngc1566,1,3006,5901,4
ngc1566,2,2797,5852,1
ngc1566,3,2794,5830,4
ngc1566,4,2866,5817,1
ngc1566,5,2814,5759,4
ngc1566,6,2810,5751,4
ngc1566,7,3171,5710,1
ngc1566,8,3155,5706,1
ngc1566,9,2906,5706,3
ngc1566,10,2686,5642,1
ngc1566,11,2779,5636,1
ngc1566,12,2606,5624,3
ngc1566,13,3076,5592,4
ngc1566,14,3070,5595,3
ngc1566,15,3073,5594,3
ngc1566,16,2884,5561,1
ngc1566,17,2667,5490,1
ngc1566,18,3186,5482,1
ngc1566,19,3288,5472,3
ngc1566,20,3544,5468,4
ngc1566,21,3078,5434,2
ngc1566,22,2906,5426,1
ngc1566,23,2419,5424,4
ngc1566,24,3167,5400,4
ngc1566,25,3138,5400,3
ngc1566,26,3141,5398,2
ngc1566,27,3087,5389,1
ngc1566,28,3154,5386,4
ngc1566,29,3106,5383,4
ngc1566,30,3169,5376,4
ngc1566,31,3059,5352,3
ngc1566,32,3268,5352,4
ngc1566,33,3309,5343,1
ngc1566,34,3257,5336,4
ngc1566,35,2849,5331,1
ngc1566,36,3235,5323,4
ngc1566,37,3256,5321,2
ngc1566,38,3264,5320,4
ngc1566,39,3171,5322,4
ngc1566,40,3383,5325,3
ngc1566,41,3711,5314,4
ngc1566,42,3269,5311,4
ngc1566,43,3278,5300,1
ngc1566,44,3236,5298,4
ngc1566,45,3242,5299,4
ngc1566,46,3304,5299,4
ngc1566,47,3385,5296,4
ngc1566,48,2678,5286,1
ngc1566,49,2888,5285,1
ngc1566,50,2679,5273,1
ngc1566,51,3376,5270,4
ngc1566,52,3301,5264,4
ngc1566,53,3112,5257,1
ngc1566,54,2942,5250,2
ngc1566,55,2908,5237,1
ngc1566,56,3196,5224,1
ngc1566,57,3213,5231,4
ngc1566,58,3215,5226,3
ngc1566,59,3222,5221,3
ngc1566,60,3217,5218,4
ngc1566,61,2822,5216,1
ngc1566,62,3189,5219,4
ngc1566,63,3191,5214,4
ngc1566,64,3272,5190,4
ngc1566,65,3281,5211,3
ngc1566,66,3277,5201,2
ngc1566,67,3201,5206,4
ngc1566,68,3452,5206,4
ngc1566,69,2200,5204,1
ngc1566,70,3436,5195,4
ngc1566,71,3416,5200,4
ngc1566,72,2475,5189,1
ngc1566,73,2792,5188,1
ngc1566,74,3434,5184,2
ngc1566,75,3380,5185,4
ngc1566,76,3463,5181,4
ngc1566,77,3300,5181,1
ngc1566,78,2182,5183,4
ngc1566,79,2176,5181,1
ngc1566,80,3420,5180,4
ngc1566,81,2270,5177,1
ngc1566,82,2804,5171,1
ngc1566,83,3017,5173,1
ngc1566,84,3489,5162,4
ngc1566,85,3436,5159,4
ngc1566,86,3474,5151,3
ngc1566,87,2983,5142,1
ngc1566,88,3444,5142,4
ngc1566,89,3426,5146,4
ngc1566,90,3261,5144,4
ngc1566,91,3476,5135,4
ngc1566,92,3153,5124,1
ngc1566,93,3529,5124,4
ngc1566,94,2245,5096,4
ngc1566,95,3431,5104,4
ngc1566,96,3429,5093,4
ngc1566,97,3428,5099,4
ngc1566,98,3428,5097,4
ngc1566,99,2740,5097,1
ngc1566,100,3473,5096,4
ngc1566,101,3512,5092,4
ngc1566,102,3485,5088,4
ngc1566,103,3268,5085,1
ngc1566,104,3514,5084,4
ngc1566,105,3473,5077,4
ngc1566,106,4005,5072,4
ngc1566,107,3036,5072,1
ngc1566,108,3656,5069,1
ngc1566,109,3573,5060,4
ngc1566,110,3569,5060,4
ngc1566,111,3303,5068,2
ngc1566,112,3531,5067,4
ngc1566,113,2880,5066,4
ngc1566,114,3511,5060,4
ngc1566,115,3508,5035,4
ngc1566,116,3519,5057,4
ngc1566,117,3517,5051,3
ngc1566,118,3500,5045,4
ngc1566,119,3493,5051,4
ngc1566,120,3461,5052,3
ngc1566,121,3048,5055,1
ngc1566,122,3356,5050,2
ngc1566,123,3485,5051,4
ngc1566,124,3527,5050,4
ngc1566,125,2889,5040,2
ngc1566,126,3449,5037,2
ngc1566,127,3096,5041,1
ngc1566,128,3576,5003,2
ngc1566,129,3572,5012,4
ngc1566,130,3525,5039,4
ngc1566,131,4061,5037,4
ngc1566,132,3576,5011,3
ngc1566,133,3631,5032,1
ngc1566,134,3488,5032,4
ngc1566,135,3457,5030,4
ngc1566,136,3489,5020,4
ngc1566,137,3236,5021,1
ngc1566,138,3496,5019,4
ngc1566,139,2907,5019,2
ngc1566,140,3512,5018,4
ngc1566,141,4070,5016,4
ngc1566,142,3248,5011,2
ngc1566,143,2106,5005,1
ngc1566,144,2607,4989,3
ngc1566,145,3789,4986,1
ngc1566,146,3528,4986,4
ngc1566,147,3125,4984,2
ngc1566,148,3577,4978,4
ngc1566,149,2160,4980,1
ngc1566,150,2135,4975,1
ngc1566,151,2520,4967,4
ngc1566,152,3193,4965,1
ngc1566,153,3553,4962,4
ngc1566,154,3592,4906,4
ngc1566,155,3576,4939,3
ngc1566,156,3585,4928,3
ngc1566,157,3326,4956,2
ngc1566,158,3506,4949,1
ngc1566,159,2815,4925,4
ngc1566,160,2814,4933,3
ngc1566,161,3390,4930,1
ngc1566,162,3649,4932,1
ngc1566,163,2434,4907,2
ngc1566,164,2425,4919,3
ngc1566,165,2429,4915,2
ngc1566,166,3447,4926,1
ngc1566,167,3523,4916,1
ngc1566,168,3401,4912,1
ngc1566,169,3296,4908,1
ngc1566,170,3662,4900,4
ngc1566,171,3493,4900,1
ngc1566,172,3390,4896,1
ngc1566,173,3702,4892,1
ngc1566,174,3670,4888,4
ngc1566,175,2428,4873,3
ngc1566,176,3635,4851,3
ngc1566,177,3832,4861,1
ngc1566,178,3560,4859,1
ngc1566,179,3327,4852,1
ngc1566,180,4290,4850,4
ngc1566,181,3687,4850,4
ngc1566,182,2287,4844,2
ngc1566,183,3676,4838,4
ngc1566,184,3669,4835,4
ngc1566,185,3728,4840,1
ngc1566,186,3394,4834,1
ngc1566,187,3231,4835,1
ngc1566,188,3666,4809,4
ngc1566,189,3661,4827,4
ngc1566,190,3664,4822,4
ngc1566,191,3656,4819,4
ngc1566,192,3656,4811,3
ngc1566,193,3659,4806,4
ngc1566,194,3087,4827,1
ngc1566,195,3586,4822,4
ngc1566,196,3639,4744,4
ngc1566,197,3653,4794,3
ngc1566,198,3658,4788,2
ngc1566,199,3690,4810,4
ngc1566,200,3544,4812,1
ngc1566,201,2361,4808,4
ngc1566,202,3600,4784,4
ngc1566,203,3585,4798,4
ngc1566,204,3594,4793,4
ngc1566,205,3696,4798,4
ngc1566,206,3390,4785,1
ngc1566,207,3376,4782,1
ngc1566,208,2140,4759,4
ngc1566,209,2159,4758,4
ngc1566,210,2154,4746,4
ngc1566,211,2147,4772,3
ngc1566,212,2148,4766,3
ngc1566,213,3678,4763,4
ngc1566,214,3706,4769,4
ngc1566,215,3674,4774,4
ngc1566,216,3690,4752,3
ngc1566,217,3372,4760,1
ngc1566,218,3553,4760,2
ngc1566,219,3739,4757,4
ngc1566,220,3676,4767,4
ngc1566,221,3676,4746,4
ngc1566,222,3608,4740,4
ngc1566,223,1820,4736,3
ngc1566,224,3664,4735,4
ngc1566,225,3697,4730,4
ngc1566,226,3768,4716,4
ngc1566,227,3780,4725,4
ngc1566,228,3779,4715,4
ngc1566,229,3775,4708,4
ngc1566,230,1942,4727,4
ngc1566,231,3769,4726,4
ngc1566,232,2599,4670,4
ngc1566,233,1816,4718,4
ngc1566,234,3641,4713,4
ngc1566,235,3685,4688,4
ngc1566,236,3676,4687,1
ngc1566,237,3686,4713,4
ngc1566,238,3535,4712,1
ngc1566,239,3693,4710,4
ngc1566,240,3813,4708,4
ngc1566,241,3642,4705,4
ngc1566,242,3698,4699,4
ngc1566,243,3623,4685,4
ngc1566,244,3448,4692,1
ngc1566,245,3714,4686,4
ngc1566,246,3652,4692,4
ngc1566,247,3662,4684,4
ngc1566,248,3777,4675,4
ngc1566,249,3635,4677,4
ngc1566,250,4128,4661,1
ngc1566,251,3458,4673,1
ngc1566,252,3650,4665,3
ngc1566,253,3644,4648,4
ngc1566,254,3691,4670,4
ngc1566,255,2556,4668,4
ngc1566,256,3755,4663,4
ngc1566,257,3724,4667,4
ngc1566,258,3702,4666,4
ngc1566,259,3653,4647,4
ngc1566,260,3699,4588,4
ngc1566,261,3670,4633,2
ngc1566,262,3708,4612,4
ngc1566,263,3661,4613,3
ngc1566,264,3670,4611,3
ngc1566,265,3695,4602,3
ngc1566,266,3711,4627,2
ngc1566,267,3698,4626,4
ngc1566,268,3691,4633,3
ngc1566,269,3677,4597,4
ngc1566,270,3830,4600,4
ngc1566,271,3632,4597,2
ngc1566,272,3710,4596,4
ngc1566,273,1724,4594,1
ngc1566,274,3687,4584,4
ngc1566,275,2993,4582,1
ngc1566,276,3692,4583,4
ngc1566,277,2796,4573,1
ngc1566,278,3718,4573,4
ngc1566,279,3394,4574,1
ngc1566,280,3728,4569,4
ngc1566,281,3683,4568,4
ngc1566,282,3754,4567,4
ngc1566,283,3699,4564,4
ngc1566,284,1588,4566,4
ngc1566,285,3761,4527,4
ngc1566,286,3768,4545,4
ngc1566,287,3782,4561,4
ngc1566,288,3781,4552,2
ngc1566,289,3785,4545,2
ngc1566,290,3831,4556,4
ngc1566,291,3543,4553,1
ngc1566,292,3710,4548,4
ngc1566,293,3744,4534,4
ngc1566,294,3728,4535,3
ngc1566,295,3830,4543,4
ngc1566,296,3589,4553,1
ngc1566,297,4196,4527,4
ngc1566,298,3825,4525,4
ngc1566,299,4198,4517,4
ngc1566,300,3056,4516,1
ngc1566,301,3733,4509,4
ngc1566,302,4001,4505,4
ngc1566,303,3685,4499,2
ngc1566,304,3834,4500,4
ngc1566,305,3836,4496,4
ngc1566,306,3841,4496,4
ngc1566,307,4120,4494,1
ngc1566,308,3678,4502,4
ngc1566,309,3683,4483,4
ngc1566,310,3216,4480,1
ngc1566,311,3844,4479,1
ngc1566,312,3867,4471,1
ngc1566,313,3873,4474,4
ngc1566,314,3110,4475,1
ngc1566,315,3791,4459,4
ngc1566,316,3753,4456,4
ngc1566,317,3473,4456,1
ngc1566,318,3588,4454,1
ngc1566,319,3750,4434,1
ngc1566,320,3717,4442,4
ngc1566,321,3732,4440,4
ngc1566,322,2321,4431,4
ngc1566,323,3802,4423,4
ngc1566,324,3808,4427,4
ngc1566,325,3988,4426,1
ngc1566,326,3843,4422,4
ngc1566,327,3846,4420,4
ngc1566,328,3653,4428,4
ngc1566,329,3771,4424,4
ngc1566,330,3916,4417,4
ngc1566,331,3752,4415,4
ngc1566,332,3706,4414,4
ngc1566,333,3836,4407,4
ngc1566,334,3840,4404,4
ngc1566,335,3858,4411,4
ngc1566,336,3958,4393,4
ngc1566,337,2431,4393,4
ngc1566,338,2452,4382,2
ngc1566,339,4020,4380,4
ngc1566,340,3851,4367,2
ngc1566,341,3846,4369,4
ngc1566,342,1751,4365,1
ngc1566,343,4036,4362,4
ngc1566,344,3918,4360,4
ngc1566,345,3767,4360,2
ngc1566,346,3656,4357,1
ngc1566,347,3869,4352,4
ngc1566,348,3940,4343,4
ngc1566,349,3733,4330,2
ngc1566,350,3892,4320,4
ngc1566,351,3746,4321,4
ngc1566,352,3532,4318,4
ngc1566,353,2660,4314,1
ngc1566,354,3086,4309,4
ngc1566,355,2785,4305,1
ngc1566,356,3997,4303,1
ngc1566,357,2519,4303,1
ngc1566,358,1357,4302,4
ngc1566,359,3335,4302,1
ngc1566,360,2227,4296,1
ngc1566,361,4042,4290,1
ngc1566,362,3896,4288,4
ngc1566,363,3899,4284,4
ngc1566,364,3892,4285,4
ngc1566,365,3890,4281,4
ngc1566,366,3908,4290,4
ngc1566,367,3921,4282,4
ngc1566,368,3905,4276,4
ngc1566,369,3902,4272,4
ngc1566,370,4033,4277,1
ngc1566,371,3830,4278,1
ngc1566,372,3893,4267,4
ngc1566,373,3858,4272,3
ngc1566,374,3823,4269,1
ngc1566,375,3922,4259,4
ngc1566,376,3928,4264,3
ngc1566,377,3927,4261,4
ngc1566,378,3934,4268,4
ngc1566,379,3945,4264,4
ngc1566,380,3907,4250,4
ngc1566,381,2957,4248,1
ngc1566,382,4014,4247,2
ngc1566,383,5039,4241,3
ngc1566,384,5039,4237,3
ngc1566,385,3593,4235,4
ngc1566,386,3599,4235,4
ngc1566,387,5038,4234,4
ngc1566,388,2211,4230,1
ngc1566,389,4044,4227,4
ngc1566,390,2991,4226,1
ngc1566,391,3278,4224,1
ngc1566,392,4050,4219,4
ngc1566,393,2790,4215,4
ngc1566,394,2789,4210,4
ngc1566,395,4131,4207,4
ngc1566,396,4114,4206,4
ngc1566,397,4047,4209,4
ngc1566,398,2190,4210,3
ngc1566,399,2187,4209,3
ngc1566,400,2188,4205,3
ngc1566,401,1906,4210,1
ngc1566,402,4030,4208,4
ngc1566,403,4080,4202,4
ngc1566,404,4074,4195,3
ngc1566,405,3934,4204,1
ngc1566,406,4087,4198,4
ngc1566,407,3082,4194,1
ngc1566,408,2960,4192,1
ngc1566,409,2198,4192,4
ngc1566,410,2315,4176,4
ngc1566,411,2317,4183,3
ngc1566,412,1846,4187,1
ngc1566,413,4100,4178,4
ngc1566,414,3842,4173,1
ngc1566,415,4082,4170,4
ngc1566,416,3305,4167,1
ngc1566,417,3434,4166,1
ngc1566,418,4154,4159,1
ngc1566,419,2914,4161,1
ngc1566,420,4087,4158,4
ngc1566,421,1208,4154,4
ngc1566,422,2900,4152,1
ngc1566,423,4101,4151,4
ngc1566,424,3833,4147,2
ngc1566,425,3939,4143,1
ngc1566,426,4050,4136,4
ngc1566,427,2193,4135,3
ngc1566,428,3922,4137,4
ngc1566,429,2177,4133,1
ngc1566,430,2670,4122,1
ngc1566,431,4155,4121,4
ngc1566,432,3105,4115,1
ngc1566,433,2820,4105,1
ngc1566,434,2916,4103,1
ngc1566,435,3259,4101,4
ngc1566,436,3254,4099,4
ngc1566,437,3254,4093,4
ngc1566,438,2755,4101,1
ngc1566,439,4027,4049,4
ngc1566,440,4025,4091,3
ngc1566,441,4030,4073,4
ngc1566,442,4040,4060,4
ngc1566,443,3270,4092,4
ngc1566,444,3285,4086,4
ngc1566,445,4015,4078,4
ngc1566,446,4008,4078,4
ngc1566,447,3998,4067,3
ngc1566,448,4002,4063,3
ngc1566,449,3989,4083,4
ngc1566,450,4163,4082,4
ngc1566,451,4056,4075,4
ngc1566,452,3960,4068,4
ngc1566,453,3961,4074,3
ngc1566,454,3964,4073,3
ngc1566,455,4176,4080,2
ngc1566,456,4167,4071,4
ngc1566,457,4081,4046,4
ngc1566,458,3034,4041,4
ngc1566,459,2704,4041,1
ngc1566,460,2604,4038,1
ngc1566,461,4051,4037,4
ngc1566,462,4047,4030,4
ngc1566,463,4040,4036,4
ngc1566,464,3918,4038,1
ngc1566,465,2006,4037,4
ngc1566,466,3503,4037,1
ngc1566,467,4082,4033,3
ngc1566,468,3896,4030,1
ngc1566,469,3044,4031,1
ngc1566,470,4068,4025,4
ngc1566,471,3989,4023,3
ngc1566,472,4024,4016,4
ngc1566,473,4013,4016,3
ngc1566,474,4107,4023,4
ngc1566,475,4190,4024,4
ngc1566,476,3615,4021,3
ngc1566,477,4061,4020,4
ngc1566,478,4042,4029,4
ngc1566,479,2814,4018,4
ngc1566,480,2745,4016,4
ngc1566,481,2435,4014,1
ngc1566,482,2222,4013,3
ngc1566,483,1197,4014,1
ngc1566,484,3897,4012,1
ngc1566,485,2967,4007,4
ngc1566,486,2972,4005,4
ngc1566,487,3287,4003,1
ngc1566,488,3076,4006,4
ngc1566,489,2230,4007,4
ngc1566,490,3240,4002,1
ngc1566,491,2539,4002,1
ngc1566,492,4156,4001,4
ngc1566,493,4147,4000,4
ngc1566,494,2933,3998,1
ngc1566,495,2145,3998,4
ngc1566,496,2967,3995,4
ngc1566,497,2162,3997,4
ngc1566,498,2864,3995,4
ngc1566,499,2990,3990,4
ngc1566,500,2990,3981,2
ngc1566,501,3479,3989,3
ngc1566,502,2228,3991,4
ngc1566,503,1881,3991,4
ngc1566,504,3074,3989,4
ngc1566,505,2742,3990,4
ngc1566,506,2750,3988,4
ngc1566,507,2759,3983,3
ngc1566,508,2958,3988,4
ngc1566,509,2648,3987,1
ngc1566,510,4145,3984,4
ngc1566,511,2844,3983,4
ngc1566,512,2930,3975,4
ngc1566,513,2930,3981,4
ngc1566,514,4087,3978,3
ngc1566,515,3371,3978,4
ngc1566,516,2243,3980,4
ngc1566,517,4302,3979,1
ngc1566,518,2167,3979,1
ngc1566,519,1932,3976,4
ngc1566,520,1845,3977,1
ngc1566,521,4194,3974,4
ngc1566,522,4097,3975,4
ngc1566,523,1816,3973,4
ngc1566,524,1826,3972,4
ngc1566,525,1823,3972,3
ngc1566,526,4081,3973,4
ngc1566,527,2342,3973,1
ngc1566,528,3093,3972,4
ngc1566,529,1889,3971,3
ngc1566,530,3039,3972,4
ngc1566,531,2911,3965,4
ngc1566,532,2680,3968,4
ngc1566,533,3020,3964,2
ngc1566,534,3016,3954,3
ngc1566,535,3017,3950,3
ngc1566,536,2988,3963,4
ngc1566,537,2994,3961,4
ngc1566,538,4075,3960,4
ngc1566,539,3054,3962,4
ngc1566,540,2963,3961,4
ngc1566,541,2869,3959,4
ngc1566,542,2853,3961,4
ngc1566,543,2816,3953,4
ngc1566,544,2836,3956,4
ngc1566,545,2844,3952,4
ngc1566,546,2849,3944,1
ngc1566,547,4126,3955,1
ngc1566,548,2930,3960,4
ngc1566,549,3436,3957,4
ngc1566,550,3134,3955,4
ngc1566,551,2716,3943,4
ngc1566,552,2714,3955,4
ngc1566,553,2721,3950,1
ngc1566,554,2727,3949,2
ngc1566,555,3238,3951,4
ngc1566,556,2876,3940,2
ngc1566,557,2890,3929,4
ngc1566,558,2898,3939,4
ngc1566,559,2890,3952,4
ngc1566,560,2886,3945,4
ngc1566,561,2785,3951,4
ngc1566,562,2461,3949,1
ngc1566,563,4063,3941,4
ngc1566,564,4071,3946,4
ngc1566,565,3055,3947,4
ngc1566,566,1991,3946,1
ngc1566,567,4199,3943,4
ngc1566,568,3030,3940,4
ngc1566,569,2970,3943,4
ngc1566,570,4161,3943,4
ngc1566,571,2681,3939,1
ngc1566,572,2680,3934,4
ngc1566,573,2529,3941,1
ngc1566,574,1770,3937,4
ngc1566,575,2834,3939,4
ngc1566,576,4093,3937,4
ngc1566,577,3445,3935,4
ngc1566,578,3037,3928,4
ngc1566,579,3047,3932,4
ngc1566,580,3047,3929,4
ngc1566,581,2601,3934,1
ngc1566,582,3160,3932,4
ngc1566,583,4170,3932,4
ngc1566,584,3079,3928,4
ngc1566,585,2666,3930,4
ngc1566,586,4136,3929,4
ngc1566,587,3144,3927,4
ngc1566,588,3108,3924,4
ngc1566,589,2785,3926,1
ngc1566,590,2908,3926,4
ngc1566,591,3024,3926,4
ngc1566,592,1833,3925,1
ngc1566,593,3066,3923,4
ngc1566,594,3090,3911,1
ngc1566,595,3087,3902,4
ngc1566,596,3082,3890,4
ngc1566,597,3078,3889,4
ngc1566,598,2510,3925,1
ngc1566,599,2418,3923,4
ngc1566,600,2421,3921,4
ngc1566,601,4071,3916,2
ngc1566,602,4033,3910,4
ngc1566,603,4043,3896,4
ngc1566,604,4042,3910,3
ngc1566,605,4055,3908,3
ngc1566,606,4226,3910,4
ngc1566,607,2969,3922,4
ngc1566,608,2794,3918,4
ngc1566,609,2576,3917,4
ngc1566,610,1500,3913,1
ngc1566,611,2898,3917,4
ngc1566,612,2261,3916,1
ngc1566,613,2169,3917,1
ngc1566,614,2909,3912,4
ngc1566,615,2914,3910,4
ngc1566,616,2568,3908,1
ngc1566,617,2953,3911,4
ngc1566,618,2723,3909,4
ngc1566,619,2726,3904,4
ngc1566,620,2720,3902,4
ngc1566,621,2714,3900,4
ngc1566,622,2590,3909,4
ngc1566,623,3690,3908,1
ngc1566,624,4140,3907,4
ngc1566,625,2610,3903,4
ngc1566,626,3010,3904,4
ngc1566,627,3050,3895,4
ngc1566,628,3055,3887,4
ngc1566,629,3055,3902,4
ngc1566,630,3059,3894,4
ngc1566,631,3064,3890,4
ngc1566,632,2987,3904,4
ngc1566,633,2622,3903,4
ngc1566,634,3174,3901,4
ngc1566,635,4226,3901,4
ngc1566,636,3002,3898,2
ngc1566,637,2796,3866,4
ngc1566,638,2805,3893,3
ngc1566,639,2793,3889,4
ngc1566,640,2791,3879,3
ngc1566,641,1040,3897,1
ngc1566,642,2655,3895,4
ngc1566,643,4115,3894,4
ngc1566,644,3008,3892,4
ngc1566,645,2578,3891,1
ngc1566,646,2613,3891,2
ngc1566,647,3117,3884,4
ngc1566,648,3103,3887,3
ngc1566,649,3099,3879,2
ngc1566,650,3536,3890,4
ngc1566,651,3200,3860,4
ngc1566,652,3176,3849,4
ngc1566,653,3168,3866,4
ngc1566,654,2645,3888,4
ngc1566,655,2950,3885,1
ngc1566,656,2390,3887,1
ngc1566,657,4283,3882,1
ngc1566,658,2352,3883,4
ngc1566,659,3141,3884,4
ngc1566,660,3126,3881,2
ngc1566,661,4116,3876,4
ngc1566,662,2745,3877,2
ngc1566,663,2665,3870,1
ngc1566,664,2669,3867,4
ngc1566,665,2647,3877,1
ngc1566,666,3622,3875,4
ngc1566,667,3633,3874,4
ngc1566,668,3624,3870,4
ngc1566,669,3619,3867,4
ngc1566,670,3635,3869,4
ngc1566,671,3630,3865,4
ngc1566,672,3625,3864,4
ngc1566,673,3197,3877,4
ngc1566,674,4401,3876,1
ngc1566,675,4179,3876,4
ngc1566,676,2523,3873,1
ngc1566,677,2964,3868,4
ngc1566,678,2970,3869,4
ngc1566,679,3358,3871,1
ngc1566,680,2689,3870,4
ngc1566,681,3053,3871,4
ngc1566,682,4045,3869,4
ngc1566,683,2154,3868,4
ngc1566,684,4351,3865,1
ngc1566,685,3520,3858,4
ngc1566,686,3323,3866,4
ngc1566,687,3082,3859,4
ngc1566,688,3001,3860,4
ngc1566,689,3009,3859,4
ngc1566,690,3006,3854,4
ngc1566,691,3005,3846,3
ngc1566,692,2876,3862,1
ngc1566,693,2925,3858,4
ngc1566,694,2545,3857,4
ngc1566,695,2537,3849,3
ngc1566,696,4268,3855,4
ngc1566,697,3546,3850,4
ngc1566,698,3245,3855,4
ngc1566,699,3656,3858,4
ngc1566,700,2517,3851,1
ngc1566,701,4094,3853,4
ngc1566,702,4008,3854,4
ngc1566,703,4357,3852,1
ngc1566,704,3018,3847,4
ngc1566,705,4131,3849,4
ngc1566,706,3081,3850,4
ngc1566,707,2949,3843,4
ngc1566,708,3306,3842,4
ngc1566,709,2108,3846,4
ngc1566,710,2111,3840,4
ngc1566,711,2104,3840,2
ngc1566,712,2105,3834,3
ngc1566,713,2588,3841,4
ngc1566,714,2680,3842,4
ngc1566,715,2671,3841,2
ngc1566,716,3055,3839,3
ngc1566,717,2213,3840,2
ngc1566,718,2850,3839,4
ngc1566,719,2460,3839,4
ngc1566,720,2263,3840,2
ngc1566,721,3133,3834,4
ngc1566,722,2063,3832,3
ngc1566,723,2054,3827,3
ngc1566,724,4072,3833,3
ngc1566,725,4071,3830,3
ngc1566,726,4139,3831,4
ngc1566,727,4019,3836,3
ngc1566,728,2206,3834,1
ngc1566,729,3156,3834,4
ngc1566,730,2808,3832,4
ngc1566,731,4156,3838,1
ngc1566,732,3289,3830,4
ngc1566,733,3075,3819,4
ngc1566,734,2955,3810,4
ngc1566,735,2952,3824,4
ngc1566,736,3355,3822,4
ngc1566,737,3356,3811,3
ngc1566,738,3359,3800,4
ngc1566,739,3104,3821,1
ngc1566,740,3139,3824,4
ngc1566,741,2479,3823,4
ngc1566,742,2409,3825,4
ngc1566,743,2885,3822,4
ngc1566,744,4205,3818,4
ngc1566,745,4198,3803,4
ngc1566,746,2745,3818,4
ngc1566,747,4176,3813,4
ngc1566,748,4063,3817,4
ngc1566,749,3824,3820,4
ngc1566,750,4244,3810,4
ngc1566,751,4024,3813,1
ngc1566,752,3823,3812,4
ngc1566,753,3410,3813,4
ngc1566,754,3417,3812,4
ngc1566,755,4218,3805,4
ngc1566,756,3124,3812,4
ngc1566,757,2672,3803,4
ngc1566,758,4161,3808,4
ngc1566,759,4058,3808,4
ngc1566,760,4052,3807,4
ngc1566,761,2859,3806,1
ngc1566,762,2704,3798,4
ngc1566,763,2045,3806,1
ngc1566,764,2741,3804,2
ngc1566,765,3333,3802,1
ngc1566,766,4150,3794,4
ngc1566,767,2336,3803,4
ngc1566,768,4079,3802,4
ngc1566,769,2192,3800,2
ngc1566,770,4108,3803,4
ngc1566,771,4107,3798,4
ngc1566,772,3027,3801,1
ngc1566,773,3441,3798,1
ngc1566,774,2399,3799,4
ngc1566,775,4236,3801,4
ngc1566,776,2089,3799,4
ngc1566,777,4067,3800,4
ngc1566,778,1761,3798,3
ngc1566,779,2693,3798,4
ngc1566,780,4054,3797,4
ngc1566,781,3116,3796,4
ngc1566,782,2972,3796,4
ngc1566,783,2366,3790,2
ngc1566,784,4024,3790,2
ngc1566,785,4357,3783,1
ngc1566,786,4121,3785,4
ngc1566,787,4187,3728,4
ngc1566,788,4166,3739,3
ngc1566,789,4215,3766,4
ngc1566,790,4193,3776,1
ngc1566,791,4194,3764,4
ngc1566,792,4186,3756,1
ngc1566,793,4194,3755,2
ngc1566,794,2456,3783,4
ngc1566,795,4047,3779,3
ngc1566,796,1858,3782,1
ngc1566,797,4068,3779,4
ngc1566,798,1805,3774,3
ngc1566,799,4100,3763,4
ngc1566,800,4084,3765,4
ngc1566,801,4079,3770,3
ngc1566,802,4080,3765,4
ngc1566,803,3239,3776,4
ngc1566,804,3238,3773,4
ngc1566,805,2321,3776,1
ngc1566,806,3347,3752,3
ngc1566,807,3347,3767,3
ngc1566,808,3351,3763,4
ngc1566,809,2566,3768,4
ngc1566,810,2569,3766,4
ngc1566,811,2933,3768,4
ngc1566,812,2520,3767,4
ngc1566,813,1794,3767,4
ngc1566,814,3601,3764,1
ngc1566,815,2485,3764,4
ngc1566,816,3423,3763,4
ngc1566,817,3420,3755,4
ngc1566,818,4139,3760,4
ngc1566,819,4137,3758,4
ngc1566,820,4113,3757,4
ngc1566,821,4063,3762,4
ngc1566,822,1804,3759,4
ngc1566,823,2529,3758,1
ngc1566,824,3054,3756,4
ngc1566,825,1818,3756,4
ngc1566,826,4088,3749,4
ngc1566,827,4263,3752,3
ngc1566,828,3619,3752,1
ngc1566,829,2425,3751,4
ngc1566,830,2792,3759,4
ngc1566,831,2366,3760,4
ngc1566,832,3397,3745,3
ngc1566,833,3399,3738,4
ngc1566,834,3151,3747,4
ngc1566,835,2893,3746,1
ngc1566,836,4115,3743,4
ngc1566,837,1877,3744,1
ngc1566,838,4144,3736,4
ngc1566,839,4146,3728,4
ngc1566,840,3484,3738,1
ngc1566,841,3426,3738,4
ngc1566,842,4246,3734,4
ngc1566,843,2307,3736,1
ngc1566,844,4207,3728,4
ngc1566,845,3461,3738,1
ngc1566,846,4102,3736,4
ngc1566,847,3818,3735,1
ngc1566,848,4013,3724,4
ngc1566,849,4013,3733,1
ngc1566,850,4052,3732,4
ngc1566,851,4134,3727,4
ngc1566,852,3330,3729,4
ngc1566,853,1790,3728,3
ngc1566,854,4052,3727,4
ngc1566,855,4102,3717,4
ngc1566,856,4103,3723,4
ngc1566,857,2810,3720,4
ngc1566,858,3173,3717,4
ngc1566,859,4159,3715,4
ngc1566,860,2159,3730,1
ngc1566,861,3071,3715,4
ngc1566,862,2560,3713,4
ngc1566,863,1982,3711,1
ngc1566,864,4314,3708,2
ngc1566,865,4121,3704,4
ngc1566,866,5642,3711,4
ngc1566,867,4201,3706,4
ngc1566,868,4225,3678,4
ngc1566,869,4213,3682,1
ngc1566,870,3328,3706,3
ngc1566,871,2741,3711,4
ngc1566,872,2501,3710,1
ngc1566,873,2186,3703,1
ngc1566,874,4169,3704,4
ngc1566,875,4180,3709,4
ngc1566,876,4158,3708,4
ngc1566,877,4017,3706,1
ngc1566,878,1886,3709,2
ngc1566,879,4090,3695,4
ngc1566,880,4097,3697,4
ngc1566,881,4099,3704,3
ngc1566,882,4102,3700,4
ngc1566,883,4148,3702,4
ngc1566,884,4153,3701,4
ngc1566,885,1208,3704,1
ngc1566,886,2162,3701,1
ngc1566,887,4177,3699,4
ngc1566,888,4178,3695,4
ngc1566,889,4191,3711,4
ngc1566,890,3100,3695,4
ngc1566,891,4206,3673,4
ngc1566,892,4177,3688,4
ngc1566,893,4094,3686,4
ngc1566,894,1651,3687,1
ngc1566,895,2733,3682,4
ngc1566,896,3150,3681,4
ngc1566,897,3699,3685,1
ngc1566,898,3184,3675,2
ngc1566,899,2994,3679,1
ngc1566,900,2880,3680,1
ngc1566,901,3120,3679,4
ngc1566,902,3539,3674,4
ngc1566,903,3538,3666,1
ngc1566,904,3918,3677,1
ngc1566,905,4331,3675,1
ngc1566,906,4153,3674,4
ngc1566,907,2029,3675,1
ngc1566,908,4242,3674,4
ngc1566,909,2331,3672,3
ngc1566,910,2332,3670,3
ngc1566,911,3276,3670,4
ngc1566,912,2605,3664,4
ngc1566,913,2598,3665,4
ngc1566,914,2355,3664,4
ngc1566,915,2358,3659,4
ngc1566,916,3174,3660,4
ngc1566,917,1987,3660,4
ngc1566,918,3865,3660,4
ngc1566,919,3377,3659,4
ngc1566,920,2232,3655,1
ngc1566,921,4143,3655,2
ngc1566,922,3719,3653,1
ngc1566,923,4074,3655,4
ngc1566,924,2262,3652,1
ngc1566,925,4190,3650,4
ngc1566,926,2364,3650,4
ngc1566,927,3527,3649,4
ngc1566,928,2567,3648,4
ngc1566,929,2542,3648,2
ngc1566,930,1979,3644,4
ngc1566,931,3691,3647,1
ngc1566,932,2347,3642,4
ngc1566,933,4346,3638,1
ngc1566,934,3246,3633,1
ngc1566,935,4072,3633,4
ngc1566,936,2522,3632,4
ngc1566,937,2525,3626,2
ngc1566,938,2521,3624,3
ngc1566,939,2420,3623,2
ngc1566,940,2430,3627,4
ngc1566,941,4224,3623,1
ngc1566,942,2382,3619,4
ngc1566,943,2431,3616,4
ngc1566,944,1769,3618,1
ngc1566,945,4137,3616,2
ngc1566,946,4128,3612,4
ngc1566,947,3739,3612,4
ngc1566,948,732,3611,1
ngc1566,949,2571,3610,4
ngc1566,950,2333,3608,4
ngc1566,951,3155,3605,4
ngc1566,952,2683,3607,1
ngc1566,953,4008,3604,4
ngc1566,954,2353,3605,4
ngc1566,955,4103,3598,4
ngc1566,956,4113,3601,2
ngc1566,957,2486,3601,4
ngc1566,958,2089,3603,4
ngc1566,959,2726,3602,4
ngc1566,960,2302,3592,4
ngc1566,961,2293,3596,2
ngc1566,962,2321,3597,4
ngc1566,963,2257,3595,1
ngc1566,964,4115,3596,4
ngc1566,965,4219,3593,4
ngc1566,966,3442,3592,3
ngc1566,967,2589,3592,4
ngc1566,968,2588,3585,2
ngc1566,969,4203,3591,4
ngc1566,970,1911,3590,4
ngc1566,971,4272,3584,2
ngc1566,972,3413,3585,4
ngc1566,973,2561,3585,4
ngc1566,974,2443,3580,4
ngc1566,975,3595,3579,1
ngc1566,976,2276,3574,4
ngc1566,977,1059,3573,4
ngc1566,978,4032,3554,4
ngc1566,979,4043,3563,3
ngc1566,980,4297,3569,4
ngc1566,981,3772,3567,1
ngc1566,982,4207,3562,4
ngc1566,983,2301,3562,4
ngc1566,984,3395,3564,4
ngc1566,985,4290,3556,1
ngc1566,986,2250,3557,2
ngc1566,987,4052,3556,4
ngc1566,988,4047,3567,4
ngc1566,989,2157,3554,1
ngc1566,990,3934,3544,1
ngc1566,991,3323,3550,4
ngc1566,992,2384,3549,4
ngc1566,993,3267,3548,4
ngc1566,994,2272,3549,2
ngc1566,995,4271,3546,4
ngc1566,996,3480,3541,1
ngc1566,997,4214,3543,4
ngc1566,998,4006,3541,3
ngc1566,999,1545,3537,1
ngc1566,1000,4237,3540,4
ngc1566,1001,4246,3536,4
ngc1566,1002,2364,3540,1
ngc1566,1003,5873,3535,4
ngc1566,1004,4224,3536,1
ngc1566,1005,1993,3532,4
ngc1566,1006,4198,3532,4
ngc1566,1007,4821,3534,2
ngc1566,1008,3214,3533,1
ngc1566,1009,2187,3533,4
ngc1566,1010,4191,3533,4
ngc1566,1011,3751,3531,2
ngc1566,1012,3266,3530,4
ngc1566,1013,2119,3530,1
ngc1566,1014,4232,3530,4
ngc1566,1015,4082,3530,4
ngc1566,1016,3782,3528,2
ngc1566,1017,2883,3529,4
ngc1566,1018,2212,3526,4
ngc1566,1019,2133,3525,4
ngc1566,1020,1933,3526,1
ngc1566,1021,4245,3521,4
ngc1566,1022,2636,3522,4
ngc1566,1023,1913,3521,2
ngc1566,1024,3630,3517,1
ngc1566,1025,4309,3516,1
ngc1566,1026,2679,3512,4
ngc1566,1027,3914,3512,1
ngc1566,1028,3828,3512,1
ngc1566,1029,4401,3510,1
ngc1566,1030,2715,3509,4
ngc1566,1031,3540,3507,1
ngc1566,1032,2198,3502,4
ngc1566,1033,2204,3500,4
ngc1566,1034,2305,3500,4
ngc1566,1035,4176,3497,1
ngc1566,1036,3446,3496,1
ngc1566,1037,2290,3498,4
ngc1566,1038,2052,3492,1
ngc1566,1039,2282,3486,4
ngc1566,1040,4237,3489,4
ngc1566,1041,2207,3489,4
ngc1566,1042,4277,3484,4
ngc1566,1043,2260,3487,4
ngc1566,1044,4249,3483,2
ngc1566,1045,3772,3483,1
ngc1566,1046,1959,3481,1
ngc1566,1047,4355,3480,1
ngc1566,1048,3344,3478,4
ngc1566,1049,4235,3480,4
ngc1566,1050,4240,3477,4
ngc1566,1051,2191,3484,4
ngc1566,1052,4441,3474,1
ngc1566,1053,4255,3472,4
ngc1566,1054,3909,3469,4
ngc1566,1055,3424,3468,4
ngc1566,1056,2403,3465,1
ngc1566,1057,4243,3462,4
ngc1566,1058,2187,3466,4
ngc1566,1059,1203,3462,1
ngc1566,1060,2493,3460,4
ngc1566,1061,3759,3458,1
ngc1566,1062,3873,3454,4
ngc1566,1063,1952,3457,4
ngc1566,1064,3942,3454,3
ngc1566,1065,3939,3453,3
ngc1566,1066,2603,3455,4
ngc1566,1067,4234,3451,4
ngc1566,1068,3922,3449,1
ngc1566,1069,1840,3446,1
ngc1566,1070,3708,3437,4
ngc1566,1071,2543,3442,4
ngc1566,1072,2519,3435,3
ngc1566,1073,3717,3439,4
ngc1566,1074,4267,3436,4
ngc1566,1075,4099,3437,2
ngc1566,1076,2461,3436,4
ngc1566,1077,2457,3433,4
ngc1566,1078,2561,3433,1
ngc1566,1079,4891,3431,1
ngc1566,1080,4430,3430,1
ngc1566,1081,2191,3428,4
ngc1566,1082,1935,3426,2
ngc1566,1083,2463,3417,4
ngc1566,1084,2442,3423,2
ngc1566,1085,2434,3423,1
ngc1566,1086,3924,3418,1
ngc1566,1087,2015,3418,1
ngc1566,1088,4534,3417,1
ngc1566,1089,2590,3415,4
ngc1566,1090,2205,3416,4
ngc1566,1091,4301,3406,1
ngc1566,1092,2459,3402,4
ngc1566,1093,2223,3406,2
ngc1566,1094,2301,3404,1
ngc1566,1095,2545,3403,1
ngc1566,1096,2182,3402,1
ngc1566,1097,4194,3390,3
ngc1566,1098,4198,3386,4
ngc1566,1099,4193,3385,2
ngc1566,1100,2223,3400,4
ngc1566,1101,2695,3397,4
ngc1566,1102,2376,3395,4
ngc1566,1103,4266,3397,4
ngc1566,1104,1072,3398,4
ngc1566,1105,2420,3394,1
ngc1566,1106,3903,3393,1
ngc1566,1107,4033,3386,1
ngc1566,1108,4447,3387,1
ngc1566,1109,2368,3387,4
ngc1566,1110,2217,3385,1
ngc1566,1111,2446,3391,3
ngc1566,1112,3117,3384,4
ngc1566,1113,1051,3371,4
ngc1566,1114,1024,3380,4
ngc1566,1115,1013,3381,4
ngc1566,1116,1015,3375,1
ngc1566,1117,2569,3377,4
ngc1566,1118,6050,3377,4
ngc1566,1119,4232,3375,4
ngc1566,1120,3709,3375,1
ngc1566,1121,3879,3372,4
ngc1566,1122,3874,3369,4
ngc1566,1123,2517,3374,4
ngc1566,1124,3059,3365,4
ngc1566,1125,3053,3367,4
ngc1566,1126,3065,3363,4
ngc1566,1127,2267,3369,1
ngc1566,1128,1975,3370,4
ngc1566,1129,469,3366,4
ngc1566,1130,2550,3364,4
ngc1566,1131,2589,3367,4
ngc1566,1132,2068,3361,1
ngc1566,1133,1998,3360,4
ngc1566,1134,4230,3355,4
ngc1566,1135,2192,3360,4
ngc1566,1136,1043,3351,3
ngc1566,1137,2531,3359,4
ngc1566,1138,4184,3357,2
ngc1566,1139,3139,3357,1
ngc1566,1140,2101,3357,4
ngc1566,1141,2378,3355,4
ngc1566,1142,2403,3353,4
ngc1566,1143,2138,3352,4
ngc1566,1144,4381,3350,1
ngc1566,1145,3862,3351,2
ngc1566,1146,3865,3347,4
ngc1566,1147,1967,3352,2
ngc1566,1148,2190,3344,4
ngc1566,1149,2025,3350,4
ngc1566,1150,2933,3344,4
ngc1566,1151,2215,3345,4
ngc1566,1152,4190,3342,3
ngc1566,1153,4196,3339,4
ngc1566,1154,2561,3344,4
ngc1566,1155,2205,3340,4
ngc1566,1156,2008,3339,4
ngc1566,1157,4945,3342,1
ngc1566,1158,2529,3339,1
ngc1566,1159,2348,3342,4
ngc1566,1160,3036,3336,4
ngc1566,1161,2568,3339,4
ngc1566,1162,2570,3334,4
ngc1566,1163,4338,3336,1
ngc1566,1164,4046,3337,1
ngc1566,1165,2438,3333,2
ngc1566,1166,4250,3333,4
ngc1566,1167,2421,3329,4
ngc1566,1168,3967,3330,2
ngc1566,1169,3315,3327,3
ngc1566,1170,2044,3328,1
ngc1566,1171,2015,3326,4
ngc1566,1172,2025,3322,1
ngc1566,1173,2036,3319,2
ngc1566,1174,4260,3320,2
ngc1566,1175,4327,3326,2
ngc1566,1176,4038,3324,1
ngc1566,1177,3722,3323,4
ngc1566,1178,3724,3313,1
ngc1566,1179,2551,3320,4
ngc1566,1180,2385,3321,1
ngc1566,1181,4196,3305,4
ngc1566,1182,4179,3306,4
ngc1566,1183,4187,3304,4
ngc1566,1184,4189,3319,4
ngc1566,1185,4186,3312,4
ngc1566,1186,2172,3319,3
ngc1566,1187,2140,3318,4
ngc1566,1188,2561,3317,4
ngc1566,1189,2567,3314,4
ngc1566,1190,2558,3313,4
ngc1566,1191,2440,3319,4
ngc1566,1192,2068,3315,1
ngc1566,1193,3920,3314,1
ngc1566,1194,2132,3313,4
ngc1566,1195,4267,3322,4
ngc1566,1196,1948,3310,2
ngc1566,1197,4272,3301,2
ngc1566,1198,4262,3298,4
ngc1566,1199,2099,3306,4
ngc1566,1200,3753,3306,4
ngc1566,1201,2472,3304,4
ngc1566,1202,2416,3303,1
ngc1566,1203,3697,3302,4
ngc1566,1204,2463,3297,4
ngc1566,1205,2237,3287,4
ngc1566,1206,2243,3290,2
ngc1566,1207,2251,3290,2
ngc1566,1208,4182,3295,4
ngc1566,1209,4178,3290,4
ngc1566,1210,1951,3294,4
ngc1566,1211,4277,3290,4
ngc1566,1212,4083,3293,4
ngc1566,1213,4233,3291,4
ngc1566,1214,2170,3288,1
ngc1566,1215,5031,3288,1
ngc1566,1216,2532,3288,4
ngc1566,1217,4180,3277,4
ngc1566,1218,4175,3275,4
ngc1566,1219,3713,3284,2
ngc1566,1220,4265,3280,4
ngc1566,1221,2587,3278,1
ngc1566,1222,2448,3278,4
ngc1566,1223,2391,3280,1
ngc1566,1224,2230,3276,4
ngc1566,1225,2348,3277,4
ngc1566,1226,1696,3277,1
ngc1566,1227,406,3282,4
ngc1566,1228,2196,3274,4
ngc1566,1229,3205,3274,4
ngc1566,1230,2477,3273,4
ngc1566,1231,3159,3270,4
ngc1566,1232,4075,3271,1
ngc1566,1233,3268,3267,4
ngc1566,1234,3988,3266,1
ngc1566,1235,2508,3265,1
ngc1566,1236,1632,3266,4
ngc1566,1237,2521,3265,4
ngc1566,1238,3241,3258,1
ngc1566,1239,2337,3260,4
ngc1566,1240,2233,3258,4
ngc1566,1241,3708,3257,4
ngc1566,1242,371,3259,4
ngc1566,1243,4354,3257,4
ngc1566,1244,4215,3248,4
ngc1566,1245,4197,3251,4
ngc1566,1246,4182,3248,4
ngc1566,1247,4149,3254,4
ngc1566,1248,4152,3250,4
ngc1566,1249,4154,3248,4
ngc1566,1250,2551,3256,1
ngc1566,1251,3486,3252,1
ngc1566,1252,3023,3254,3
ngc1566,1253,2013,3247,4
ngc1566,1254,4195,3241,4
ngc1566,1255,4193,3238,3
ngc1566,1256,4273,3236,2
ngc1566,1257,2486,3237,1
ngc1566,1258,4344,3233,1
ngc1566,1259,3083,3231,4
ngc1566,1260,5291,3235,1
ngc1566,1261,4385,3233,1
ngc1566,1262,4202,3228,4
ngc1566,1263,2840,3234,4
ngc1566,1264,2078,3230,4
ngc1566,1265,2323,3230,4
ngc1566,1266,4273,3227,4
ngc1566,1267,3319,3181,4
ngc1566,1268,3333,3221,4
ngc1566,1269,3337,3209,4
ngc1566,1270,4478,3225,1
ngc1566,1271,4071,3225,1
ngc1566,1272,3243,3220,4
ngc1566,1273,3139,3218,4
ngc1566,1274,2520,3225,4
ngc1566,1275,1947,3222,2
ngc1566,1276,1945,3216,4
ngc1566,1277,4113,3222,1
ngc1566,1278,3094,3215,4
ngc1566,1279,3112,3206,4
ngc1566,1280,4189,3219,4
ngc1566,1281,4191,3211,4
ngc1566,1282,2037,3216,1
ngc1566,1283,3157,3212,4
ngc1566,1284,3004,3211,4
ngc1566,1285,4147,3214,4
ngc1566,1286,3013,3212,4
ngc1566,1287,2974,3208,4
ngc1566,1288,2337,3213,4
ngc1566,1289,4124,3145,3
ngc1566,1290,4132,3177,2
ngc1566,1291,4143,3170,3
ngc1566,1292,4169,3197,3
ngc1566,1293,4173,3182,4
ngc1566,1294,2906,3208,4
ngc1566,1295,4133,3206,4
ngc1566,1296,3798,3204,1
ngc1566,1297,2996,3203,4
ngc1566,1298,2168,3193,4
ngc1566,1299,2153,3192,2
ngc1566,1300,3374,3192,4
ngc1566,1301,3165,3191,4
ngc1566,1302,3164,3181,4
ngc1566,1303,4281,3191,4
ngc1566,1304,2917,3190,4
ngc1566,1305,4359,3190,1
ngc1566,1306,3092,3176,4
ngc1566,1307,3088,3185,4
ngc1566,1308,1839,3189,4
ngc1566,1309,2493,3189,4
ngc1566,1310,1067,3186,1
ngc1566,1311,4293,3184,1
ngc1566,1312,4262,3177,1
ngc1566,1313,2907,3179,4
ngc1566,1314,2122,3180,4
ngc1566,1315,2678,3178,1
ngc1566,1316,1865,3175,4
ngc1566,1317,2964,3173,1
ngc1566,1318,3172,3170,4
ngc1566,1319,1836,3173,4
ngc1566,1320,2429,3227,4
ngc1566,1321,2492,3171,1
ngc1566,1322,4133,3157,3
ngc1566,1323,4038,3172,1
ngc1566,1324,1643,3168,1
ngc1566,1325,2566,3170,4
ngc1566,1326,2315,3169,4
ngc1566,1327,2131,3168,4
ngc1566,1328,296,3180,4
ngc1566,1329,1858,3160,4
ngc1566,1330,4429,3161,1
ngc1566,1331,4256,3163,3
ngc1566,1332,4256,3160,3
ngc1566,1333,3157,3162,4
ngc1566,1334,3756,3162,1
ngc1566,1335,2928,3162,4
ngc1566,1336,3098,3096,4
ngc1566,1337,2747,3153,4
ngc1566,1338,2747,3142,4
ngc1566,1339,1844,3157,4
ngc1566,1340,3232,3154,4
ngc1566,1341,1997,3156,4
ngc1566,1342,3842,3156,1
ngc1566,1343,3274,3152,4
ngc1566,1344,2412,3156,4
ngc1566,1345,3079,3027,4
ngc1566,1346,1878,3153,4
ngc1566,1347,1916,3159,4
ngc1566,1348,2915,3147,3
ngc1566,1349,297,3147,4
ngc1566,1350,1922,3150,4
ngc1566,1351,4072,3142,1
ngc1566,1352,3222,3139,4
ngc1566,1353,2557,3144,1
ngc1566,1354,4303,3141,4
ngc1566,1355,2147,3148,1
ngc1566,1356,2947,3136,4
ngc1566,1357,2933,3135,4
ngc1566,1358,4216,3139,4
ngc1566,1359,4555,3141,3
ngc1566,1360,1996,3140,4
ngc1566,1361,4176,3126,3
ngc1566,1362,4174,3123,3
ngc1566,1363,4481,3138,1
ngc1566,1364,2136,3138,4
ngc1566,1365,1908,3136,4
ngc1566,1366,3117,3062,4
ngc1566,1367,3531,3136,4
ngc1566,1368,1600,3135,4
ngc1566,1369,4209,3132,3
ngc1566,1370,4122,3132,4
ngc1566,1371,2535,3134,3
ngc1566,1372,2505,3132,4
ngc1566,1373,3334,3124,4
ngc1566,1374,3959,3131,4
ngc1566,1375,4297,3130,4
ngc1566,1376,1978,3147,4
ngc1566,1377,2395,3130,4
ngc1566,1378,2172,3128,4
ngc1566,1379,2172,3124,4
ngc1566,1380,2007,3127,4
ngc1566,1381,2963,3118,4
ngc1566,1382,2980,3060,4
ngc1566,1383,2343,3125,4
ngc1566,1384,3100,3126,4
ngc1566,1385,5940,3124,4
ngc1566,1386,2609,3119,4
ngc1566,1387,2945,3117,4
ngc1566,1388,2352,3122,4
ngc1566,1389,5083,3121,1
ngc1566,1390,4131,3118,4
ngc1566,1391,3925,3118,1
ngc1566,1392,3165,3112,4
ngc1566,1393,2549,3116,1
ngc1566,1394,3094,3145,4
ngc1566,1395,2748,3099,4
ngc1566,1396,4076,3113,4
ngc1566,1397,2456,3114,4
ngc1566,1398,3327,3109,1
ngc1566,1399,2496,3076,4
ngc1566,1400,2490,3082,3
ngc1566,1401,2507,3104,3
ngc1566,1402,2507,3094,3
ngc1566,1403,2304,3102,1
ngc1566,1404,1928,3107,4
ngc1566,1405,4177,3134,4
ngc1566,1406,3279,3105,4
ngc1566,1407,4112,3097,4
ngc1566,1408,4119,3100,4
ngc1566,1409,4113,3054,4
ngc1566,1410,4116,3083,4
ngc1566,1411,4105,3071,2
ngc1566,1412,2877,3100,1
ngc1566,1413,2078,3102,4
ngc1566,1414,2093,3101,4
ngc1566,1415,2090,3097,4
ngc1566,1416,2086,3091,4
ngc1566,1417,4159,3080,4
ngc1566,1418,4149,3084,4
ngc1566,1419,4155,3094,4
ngc1566,1420,4150,3092,3
ngc1566,1421,4146,3078,4
ngc1566,1422,4153,3077,4
ngc1566,1423,1964,3101,4
ngc1566,1424,2271,3101,2
ngc1566,1425,2535,3099,4
ngc1566,1426,4187,3094,4
ngc1566,1427,4180,3096,4
ngc1566,1428,4217,3093,4
ngc1566,1429,4197,3094,4
ngc1566,1430,2891,3093,4
ngc1566,1431,4231,3091,4
ngc1566,1432,4133,3090,4
ngc1566,1433,4379,3089,1
ngc1566,1434,4253,3090,4
ngc1566,1435,2297,3080,4
ngc1566,1436,4107,3085,4
ngc1566,1437,4194,3072,3
ngc1566,1438,1884,3085,2
ngc1566,1439,1883,3077,4
ngc1566,1440,3269,3079,4
ngc1566,1441,2562,3091,4
ngc1566,1442,1893,3084,4
ngc1566,1443,1889,3079,4
ngc1566,1444,3061,3081,4
ngc1566,1445,2948,3073,4
ngc1566,1446,2177,3078,4
ngc1566,1447,1863,3078,4
ngc1566,1448,2512,3072,4
ngc1566,1449,2502,3065,4
ngc1566,1450,2505,3064,3
ngc1566,1451,2400,3073,4
ngc1566,1452,2382,3069,4
ngc1566,1453,2384,3064,3
ngc1566,1454,1912,3071,4
ngc1566,1455,2596,3072,4
ngc1566,1456,2415,3072,1
ngc1566,1457,2315,3072,4
ngc1566,1458,2302,3088,4
ngc1566,1459,2176,3069,1
ngc1566,1460,4452,3065,1
ngc1566,1461,2585,3069,4
ngc1566,1462,1954,3068,4
ngc1566,1463,1862,3069,4
ngc1566,1464,1874,3057,4
ngc1566,1465,1871,3054,4
ngc1566,1466,1859,3063,3
ngc1566,1467,1862,3059,3
ngc1566,1468,2099,3065,2
ngc1566,1469,1885,3065,4
ngc1566,1470,4175,3060,4
ngc1566,1471,4194,3060,4
ngc1566,1472,4157,3050,3
ngc1566,1473,4198,3045,4
ngc1566,1474,4170,3040,3
ngc1566,1475,4185,3049,2
ngc1566,1476,4187,3045,2
ngc1566,1477,4191,3038,2
ngc1566,1478,4091,3059,4
ngc1566,1479,2722,3061,4
ngc1566,1480,2971,3123,4
ngc1566,1481,2607,3058,4
ngc1566,1482,2606,3054,4
ngc1566,1483,4145,3052,4
ngc1566,1484,2380,3051,1
ngc1566,1485,2309,3055,4
ngc1566,1486,2077,3054,4
ngc1566,1487,3208,3051,4
ngc1566,1488,2026,3053,4
ngc1566,1489,879,3053,1
ngc1566,1490,4232,3053,2
ngc1566,1491,4225,3049,4
ngc1566,1492,4212,3032,4
ngc1566,1493,4125,3052,4
ngc1566,1494,3988,3053,4
ngc1566,1495,2011,3050,1
ngc1566,1496,2128,3049,4
ngc1566,1497,4152,3067,4
ngc1566,1498,1859,3047,4
ngc1566,1499,4124,3039,4
ngc1566,1500,4127,3034,4
ngc1566,1501,4069,3046,1
ngc1566,1502,2450,3045,4
ngc1566,1503,2602,3042,4
ngc1566,1504,2071,3041,4
ngc1566,1505,2420,3045,4
ngc1566,1506,1825,3041,2
ngc1566,1507,873,3044,4
ngc1566,1508,2483,3040,4
ngc1566,1509,1917,3043,4
ngc1566,1510,2976,3112,4
ngc1566,1511,2353,3052,4
ngc1566,1512,2492,3034,4
ngc1566,1513,179,3041,4
ngc1566,1514,3828,3201,1
ngc1566,1515,2167,3037,1
ngc1566,1516,2008,3038,4
ngc1566,1517,4236,3037,4
ngc1566,1518,3065,3187,4
ngc1566,1519,2603,3031,1
ngc1566,1520,1992,3029,3
ngc1566,1521,1977,3032,4
ngc1566,1522,1883,3033,4
ngc1566,1523,2468,3027,4
ngc1566,1524,3975,3029,1
ngc1566,1525,4251,3029,4
ngc1566,1526,4099,3029,4
ngc1566,1527,4111,3014,4
ngc1566,1528,4107,3028,4
ngc1566,1529,4111,3021,3
ngc1566,1530,2602,3024,2
ngc1566,1531,4142,3028,4
ngc1566,1532,2451,3027,4
ngc1566,1533,1818,3024,4
ngc1566,1534,2042,3027,4
ngc1566,1535,2495,3019,4
ngc1566,1536,4235,3017,4
ngc1566,1537,4219,3018,4
ngc1566,1538,2131,3012,4
ngc1566,1539,2126,3015,2
ngc1566,1540,2120,3013,3
ngc1566,1541,3183,3005,4
ngc1566,1542,2336,3013,4
ngc1566,1543,163,3013,4
ngc1566,1544,4170,3012,4
ngc1566,1545,2039,3009,4
ngc1566,1546,1912,3012,4
ngc1566,1547,2083,3001,3
ngc1566,1548,2130,2996,4
ngc1566,1549,2128,2992,3
ngc1566,1550,2089,3005,4
ngc1566,1551,2377,3001,4
ngc1566,1552,938,3003,4
ngc1566,1553,4089,2996,2
ngc1566,1554,2918,2996,2
ngc1566,1555,3373,2998,1
ngc1566,1556,2735,3010,1
ngc1566,1557,2144,3197,4
ngc1566,1558,1851,3193,4
ngc1566,1559,2314,2997,1
ngc1566,1560,3277,2992,4
ngc1566,1561,2453,2951,2
ngc1566,1562,2412,2946,4
ngc1566,1563,2443,2974,4
ngc1566,1564,2445,2959,4
ngc1566,1565,2429,2949,1
ngc1566,1566,3917,2990,1
ngc1566,1567,1846,3192,4
ngc1566,1568,2338,2988,4
ngc1566,1569,3178,3009,4
ngc1566,1570,2953,2978,3
ngc1566,1571,2496,2979,4
ngc1566,1572,4181,2979,4
ngc1566,1573,2917,2990,4
ngc1566,1574,1928,2979,4
ngc1566,1575,2119,2976,3
ngc1566,1576,2455,2975,4
ngc1566,1577,2875,2975,2
ngc1566,1578,3224,2970,4
ngc1566,1579,3158,2975,4
ngc1566,1580,2253,3201,4
ngc1566,1581,2094,2973,4
ngc1566,1582,2090,2970,4
ngc1566,1583,880,2971,3
ngc1566,1584,4258,2972,4
ngc1566,1585,4180,2972,4
ngc1566,1586,3033,2972,4
ngc1566,1587,1966,2968,4
ngc1566,1588,3635,2968,4
ngc1566,1589,1982,2970,2
ngc1566,1590,1912,2965,1
ngc1566,1591,2135,2961,4
ngc1566,1592,2126,2950,2
ngc1566,1593,4271,3197,2
ngc1566,1594,2917,2962,4
ngc1566,1595,1930,2965,4
ngc1566,1596,1988,2964,4
ngc1566,1597,2972,2942,4
ngc1566,1598,2034,2995,4
ngc1566,1599,2872,2953,3
ngc1566,1600,2872,2947,4
ngc1566,1601,4284,2955,4
ngc1566,1602,3255,2947,4
ngc1566,1603,1915,2956,4
ngc1566,1604,2464,2953,4
ngc1566,1605,1780,2952,3
ngc1566,1606,2923,2943,4
ngc1566,1607,3005,2954,4
ngc1566,1608,2034,2949,4
ngc1566,1609,1855,3186,4
ngc1566,1610,1923,2951,4
ngc1566,1611,3229,2948,1
ngc1566,1612,2499,2948,4
ngc1566,1613,2079,2948,4
ngc1566,1614,2059,2947,2
ngc1566,1615,1978,2947,4
ngc1566,1616,2272,2943,1
ngc1566,1617,3543,2942,4
ngc1566,1618,2465,2960,4
ngc1566,1619,1988,2936,1
ngc1566,1620,2003,2936,4
ngc1566,1621,3055,2931,4
ngc1566,1622,3057,2930,4
ngc1566,1623,4130,2934,1
ngc1566,1624,2020,2935,1
ngc1566,1625,2084,2929,4
ngc1566,1626,4049,2933,1
ngc1566,1627,2915,2953,2
ngc1566,1628,4095,2926,1
ngc1566,1629,2037,2926,4
ngc1566,1630,2406,2925,3
ngc1566,1631,2061,2928,4
ngc1566,1632,3205,2909,4
ngc1566,1633,3155,2920,4
ngc1566,1634,3136,2911,4
ngc1566,1635,3156,2906,4
ngc1566,1636,3144,2909,4
ngc1566,1637,827,2922,2
ngc1566,1638,2437,2920,4
ngc1566,1639,2431,2917,4
ngc1566,1640,2430,2914,4
ngc1566,1641,2411,2919,4
ngc1566,1642,2414,2917,4
ngc1566,1643,1788,2921,1
ngc1566,1644,1724,2920,4
ngc1566,1645,3008,2918,4
ngc1566,1646,2455,2916,4
ngc1566,1647,1974,2922,1
ngc1566,1648,3977,2914,1
ngc1566,1649,3058,2913,4
ngc1566,1650,4277,2912,1
ngc1566,1651,2027,2906,4
ngc1566,1652,3069,3181,4
ngc1566,1653,931,2921,2
ngc1566,1654,2082,2903,4
ngc1566,1655,2080,2900,4
ngc1566,1656,2080,2896,3
ngc1566,1657,3180,2901,4
ngc1566,1658,2447,2906,4
ngc1566,1659,2426,2904,4
ngc1566,1660,2426,2901,4
ngc1566,1661,3088,2903,4
ngc1566,1662,2302,2903,3
ngc1566,1663,2302,2900,3
ngc1566,1664,1961,2897,4
ngc1566,1665,4155,2901,1
ngc1566,1666,3996,2903,4
ngc1566,1667,2572,2899,4
ngc1566,1668,2419,2897,4
ngc1566,1669,2411,2894,4
ngc1566,1670,2542,2900,4
ngc1566,1671,2970,2896,4
ngc1566,1672,2009,2895,4
ngc1566,1673,2455,2893,4
ngc1566,1674,2803,2891,1
ngc1566,1675,2492,2892,4
ngc1566,1676,2040,2888,4
ngc1566,1677,3656,2892,2
ngc1566,1678,2568,2888,4
ngc1566,1679,2529,2890,4
ngc1566,1680,4018,2889,2
ngc1566,1681,3989,2889,4
ngc1566,1682,2011,2890,4
ngc1566,1683,4073,2887,4
ngc1566,1684,4067,2884,4
ngc1566,1685,4187,2888,4
ngc1566,1686,3916,2888,4
ngc1566,1687,3513,2887,4
ngc1566,1688,3087,2882,4
ngc1566,1689,3115,2872,4
ngc1566,1690,2061,2870,4
ngc1566,1691,2061,2878,4
ngc1566,1692,1999,2885,1
ngc1566,1693,4220,2884,4
ngc1566,1694,5694,2883,4
ngc1566,1695,4035,2882,4
ngc1566,1696,2920,2880,4
ngc1566,1697,2041,2877,4
ngc1566,1698,2799,2878,4
ngc1566,1699,1859,2877,3
ngc1566,1700,2448,2876,4
ngc1566,1701,2409,2875,4
ngc1566,1702,1940,2874,4
ngc1566,1703,3976,2873,1
ngc1566,1704,1959,2872,4
ngc1566,1705,2041,2891,4
ngc1566,1706,2300,2869,1
ngc1566,1707,1931,2867,4
ngc1566,1708,2409,2869,4
ngc1566,1709,2427,2864,4
ngc1566,1710,2431,2869,4
ngc1566,1711,2434,2868,4
ngc1566,1712,2412,2849,4
ngc1566,1713,2415,2865,4
ngc1566,1714,2670,2864,4
ngc1566,1715,3022,2862,4
ngc1566,1716,2965,2864,4
ngc1566,1717,2033,2858,4
ngc1566,1718,3895,2859,4
ngc1566,1719,2885,3197,4
ngc1566,1720,2549,2860,4
ngc1566,1721,2458,2855,4
ngc1566,1722,1944,2847,1
ngc1566,1723,4011,2848,2
ngc1566,1724,4005,2850,3
ngc1566,1725,2654,2856,1
ngc1566,1726,2309,2857,4
ngc1566,1727,4068,2854,4
ngc1566,1728,2579,2853,4
ngc1566,1729,3901,2852,2
ngc1566,1730,2565,2852,4
ngc1566,1731,4074,2849,4
ngc1566,1732,4081,2850,4
ngc1566,1733,4132,2851,1
ngc1566,1734,2442,2839,4
ngc1566,1735,2458,2846,2
ngc1566,1736,2443,2848,4
ngc1566,1737,2447,2847,4
ngc1566,1738,2553,2846,4
ngc1566,1739,2547,2815,1
ngc1566,1740,2039,2847,4
ngc1566,1741,1588,2844,4
ngc1566,1742,4270,2843,1
ngc1566,1743,1892,2845,4
ngc1566,1744,2534,2842,4
ngc1566,1745,3900,2841,4
ngc1566,1746,3488,2838,4
ngc1566,1747,4473,2837,1
ngc1566,1748,4020,2819,2
ngc1566,1749,4038,2829,4
ngc1566,1750,4089,2835,4
ngc1566,1751,1946,2857,4
ngc1566,1752,2214,2833,1
ngc1566,1753,1620,2832,4
ngc1566,1754,2405,2829,2
ngc1566,1755,1640,2830,2
ngc1566,1756,2256,2829,3
ngc1566,1757,2433,2830,4
ngc1566,1758,2474,2820,4
ngc1566,1759,2349,2824,1
ngc1566,1760,2475,2825,4
ngc1566,1761,2449,2823,4
ngc1566,1762,166,2814,4
ngc1566,1763,4148,2823,4
ngc1566,1764,2001,2820,4
ngc1566,1765,2039,2818,4
ngc1566,1766,1848,2819,4
ngc1566,1767,2224,2819,1
ngc1566,1768,2589,2784,4
ngc1566,1769,2591,2811,2
ngc1566,1770,2584,2809,3
ngc1566,1771,1972,2813,4
ngc1566,1772,4118,2816,4
ngc1566,1773,2504,2813,4
ngc1566,1774,1865,2803,4
ngc1566,1775,1863,2810,2
ngc1566,1776,1860,2803,3
ngc1566,1777,1944,2811,4
ngc1566,1778,4295,2813,4
ngc1566,1779,1927,2809,4
ngc1566,1780,1868,2796,4
ngc1566,1781,2471,2809,4
ngc1566,1782,2466,2807,4
ngc1566,1783,5411,2808,1
ngc1566,1784,4078,2806,4
ngc1566,1785,2093,2806,4
ngc1566,1786,2643,2798,4
ngc1566,1787,2011,2789,4
ngc1566,1788,2009,2785,4
ngc1566,1789,2006,2776,4
ngc1566,1790,2445,2795,4
ngc1566,1791,2258,2792,1
ngc1566,1792,4043,2792,4
ngc1566,1793,1790,2790,4
ngc1566,1794,1799,2790,4
ngc1566,1795,1750,2786,1
ngc1566,1796,3972,2788,4
ngc1566,1797,3978,2786,3
ngc1566,1798,4158,2788,2
ngc1566,1799,2273,2788,4
ngc1566,1800,1924,2759,4
ngc1566,1801,1904,2787,4
ngc1566,1802,1910,2764,4
ngc1566,1803,1902,2774,4
ngc1566,1804,1906,2778,4
ngc1566,1805,1832,2789,4
ngc1566,1806,1953,2785,4
ngc1566,1807,4093,2782,1
ngc1566,1808,4047,2782,4
ngc1566,1809,1941,2784,4
ngc1566,1810,4363,2781,1
ngc1566,1811,2399,2781,1
ngc1566,1812,1968,2782,4
ngc1566,1813,1799,2849,1
ngc1566,1814,2560,2775,4
ngc1566,1815,3961,2774,3
ngc1566,1816,3961,2769,4
ngc1566,1817,1963,2775,4
ngc1566,1818,1965,2771,4
ngc1566,1819,1438,2776,4
ngc1566,1820,4043,2774,4
ngc1566,1821,1874,2765,4
ngc1566,1822,1886,2757,4
ngc1566,1823,1887,2750,4
ngc1566,1824,1890,2771,4
ngc1566,1825,1887,2766,4
ngc1566,1826,1800,2766,3
ngc1566,1827,4036,2772,4
ngc1566,1828,4033,2770,4
ngc1566,1829,1946,2763,4
ngc1566,1830,2911,2768,1
ngc1566,1831,2602,2769,1
ngc1566,1832,4064,2769,4
ngc1566,1833,3201,2768,4
ngc1566,1834,2551,2763,3
ngc1566,1835,2555,2760,3
ngc1566,1836,1981,2764,1
ngc1566,1837,2508,2767,4
ngc1566,1838,3937,2757,4
ngc1566,1839,3937,2753,4
ngc1566,1840,1541,2760,1
ngc1566,1841,1939,2765,3
ngc1566,1842,2426,2726,4
ngc1566,1843,2422,2734,4
ngc1566,1844,2423,2749,4
ngc1566,1845,2434,2751,3
ngc1566,1846,3912,2748,2
ngc1566,1847,2403,2740,4
ngc1566,1848,2401,2749,4
ngc1566,1849,2402,2745,4
ngc1566,1850,1996,2751,4
ngc1566,1851,2460,2748,1
ngc1566,1852,1811,2745,3
ngc1566,1853,1733,2748,4
ngc1566,1854,1598,2748,4
ngc1566,1855,3997,2744,3
ngc1566,1856,3442,2743,1
ngc1566,1857,3789,2742,3
ngc1566,1858,2592,2741,3
ngc1566,1859,1739,2732,4
ngc1566,1860,4044,2734,1
ngc1566,1861,2558,2734,1
ngc1566,1862,1889,2734,4
ngc1566,1863,3745,2729,1
ngc1566,1864,1919,2732,4
ngc1566,1865,1916,2731,4
ngc1566,1866,1717,2734,4
ngc1566,1867,4208,2731,1
ngc1566,1868,1764,2730,4
ngc1566,1869,3983,2729,4
ngc1566,1870,1897,2724,4
ngc1566,1871,3970,2698,4
ngc1566,1872,3999,2706,4
ngc1566,1873,3996,2726,4
ngc1566,1874,4001,2722,3
ngc1566,1875,3991,2711,4
ngc1566,1876,3988,2705,3
ngc1566,1877,2115,2726,4
ngc1566,1878,1910,2715,4
ngc1566,1879,1735,2713,1
ngc1566,1880,3905,2721,4
ngc1566,1881,2428,2744,4
ngc1566,1882,3881,2714,4
ngc1566,1883,3932,2712,4
ngc1566,1884,3928,2706,4
ngc1566,1885,3047,2716,4
ngc1566,1886,2571,2710,4
ngc1566,1887,2540,2702,4
ngc1566,1888,2549,2710,4
ngc1566,1889,2553,2701,2
ngc1566,1890,3939,2713,4
ngc1566,1891,3907,2710,4
ngc1566,1892,2398,2715,4
ngc1566,1893,1750,2708,2
ngc1566,1894,1877,2710,4
ngc1566,1895,2362,2708,1
ngc1566,1896,3917,2704,4
ngc1566,1897,3956,2701,4
ngc1566,1898,2680,2706,4
ngc1566,1899,2462,2706,4
ngc1566,1900,1999,2694,4
ngc1566,1901,1550,2698,4
ngc1566,1902,2966,2696,4
ngc1566,1903,2565,2699,4
ngc1566,1904,2695,2695,1
ngc1566,1905,2097,2696,4
ngc1566,1906,4235,2695,1
ngc1566,1907,2429,2694,3
ngc1566,1908,2104,2692,2
ngc1566,1909,1994,2687,4
ngc1566,1910,1987,2682,3
ngc1566,1911,3978,2680,4
ngc1566,1912,2606,2685,4
ngc1566,1913,2611,2684,4
ngc1566,1914,1819,2686,1
ngc1566,1915,1779,2687,1
ngc1566,1916,2535,2668,1
ngc1566,1917,2543,2676,4
ngc1566,1918,1563,2684,1
ngc1566,1919,1907,2683,4
ngc1566,1920,3930,2680,4
ngc1566,1921,2982,2682,4
ngc1566,1922,1617,2680,1
ngc1566,1923,2566,2677,4
ngc1566,1924,3022,2676,4
ngc1566,1925,2608,2669,4
ngc1566,1926,2611,2673,4
ngc1566,1927,2614,2667,4
ngc1566,1928,3867,2672,2
ngc1566,1929,2550,2660,4
ngc1566,1930,2892,2670,4
ngc1566,1931,2996,2669,4
ngc1566,1932,2601,2665,4
ngc1566,1933,2597,2664,4
ngc1566,1934,2590,2655,4
ngc1566,1935,2750,2665,4
ngc1566,1936,1884,2666,2
ngc1566,1937,4027,2662,4
ngc1566,1938,3899,2661,4
ngc1566,1939,1916,2653,3
ngc1566,1940,1907,2660,4
ngc1566,1941,3886,2657,3
ngc1566,1942,1617,2660,2
ngc1566,1943,2777,2657,1
ngc1566,1944,1609,2665,2
ngc1566,1945,2563,2654,4
ngc1566,1946,2919,2652,4
ngc1566,1947,2633,2649,4
ngc1566,1948,3819,2633,4
ngc1566,1949,3824,2630,4
ngc1566,1950,3835,2632,3
ngc1566,1951,1531,2639,4
ngc1566,1952,3871,2642,4
ngc1566,1953,3838,2630,3
ngc1566,1954,2784,2640,4
ngc1566,1955,2729,2638,4
ngc1566,1956,2738,2629,4
ngc1566,1957,2735,2619,4
ngc1566,1958,2076,2640,4
ngc1566,1959,1966,2639,4
ngc1566,1960,2391,2633,1
ngc1566,1961,2092,2635,1
ngc1566,1962,1815,2633,1
ngc1566,1963,3870,2631,4
ngc1566,1964,2067,2624,4
ngc1566,1965,2572,2624,3
ngc1566,1966,2569,2624,4
ngc1566,1967,1877,2626,4
ngc1566,1968,1874,2626,4
ngc1566,1969,3290,2624,4
ngc1566,1970,3875,2621,4
ngc1566,1971,2579,2626,4
ngc1566,1972,2580,2614,2
ngc1566,1973,1912,2622,4
ngc1566,1974,3979,2616,1
ngc1566,1975,3971,2615,4
ngc1566,1976,799,2613,3
ngc1566,1977,1791,2616,1
ngc1566,1978,3738,2611,4
ngc1566,1979,3734,2608,2
ngc1566,1980,2679,2609,4
ngc1566,1981,1901,2612,4
ngc1566,1982,1904,2602,3
ngc1566,1983,766,2610,4
ngc1566,1984,2888,2610,4
ngc1566,1985,1987,2592,4
ngc1566,1986,1980,2595,4
ngc1566,1987,1982,2599,4
ngc1566,1988,1988,2608,3
ngc1566,1989,1988,2603,3
ngc1566,1990,1988,2599,3
ngc1566,1991,3939,2607,4
ngc1566,1992,3899,2607,4
ngc1566,1993,2615,2608,4
ngc1566,1994,2476,2608,4
ngc1566,1995,2475,2601,3
ngc1566,1996,3660,2606,1
ngc1566,1997,1166,2606,1
ngc1566,1998,2869,2601,2
ngc1566,1999,2811,2604,4
ngc1566,2000,3416,2608,4
ngc1566,2001,4071,2603,4
ngc1566,2002,2622,2601,1
ngc1566,2003,2603,2601,4
ngc1566,2004,2126,2593,3
ngc1566,2005,2505,2597,2
ngc1566,2006,2493,2600,4
ngc1566,2007,2492,2596,4
ngc1566,2008,3935,2598,4
ngc1566,2009,2316,2598,4
ngc1566,2010,2019,2599,2
ngc1566,2011,2674,2596,4
ngc1566,2012,2603,2593,4
ngc1566,2013,3066,2590,4
ngc1566,2014,3059,2583,4
ngc1566,2015,3054,2587,4
ngc1566,2016,724,2590,2
ngc1566,2017,2118,2595,4
ngc1566,2018,3838,2589,4
ngc1566,2019,3651,2588,1
ngc1566,2020,2706,2587,4
ngc1566,2021,2748,2584,3
ngc1566,2022,2504,2579,3
ngc1566,2023,2495,2576,1
ngc1566,2024,2501,2569,4
ngc1566,2025,2773,2586,4
ngc1566,2026,1562,2587,4
ngc1566,2027,3991,2584,4
ngc1566,2028,3957,2584,4
ngc1566,2029,3935,2579,2
ngc1566,2030,3065,2581,4
ngc1566,2031,3362,2579,1
ngc1566,2032,1557,2569,3
ngc1566,2033,1942,2566,3
ngc1566,2034,1024,2574,3
ngc1566,2035,1033,2571,2
ngc1566,2036,3082,2574,4
ngc1566,2037,2710,2544,3
ngc1566,2038,2695,2547,4
ngc1566,2039,2702,2542,1
ngc1566,2040,2697,2565,3
ngc1566,2041,2757,2583,4
ngc1566,2042,1955,2572,4
ngc1566,2043,3907,2571,4
ngc1566,2044,3862,2559,4
ngc1566,2045,3858,2560,4
ngc1566,2046,3891,2568,3
ngc1566,2047,2113,2567,1
ngc1566,2048,3831,2565,1
ngc1566,2049,3874,2566,4
ngc1566,2050,3812,2562,1
ngc1566,2051,3783,2561,1
ngc1566,2052,3771,2552,4
ngc1566,2053,2572,2557,1
ngc1566,2054,2765,2558,4
ngc1566,2055,3016,2557,4
ngc1566,2056,2852,2556,4
ngc1566,2057,4144,2553,1
ngc1566,2058,3665,2548,2
ngc1566,2059,3657,2544,3
ngc1566,2060,3726,2549,4
ngc1566,2061,2406,2551,4
ngc1566,2062,2402,2543,4
ngc1566,2063,1931,2548,3
ngc1566,2064,1933,2545,4
ngc1566,2065,1946,2541,4
ngc1566,2066,1942,2540,4
ngc1566,2067,1939,2538,4
ngc1566,2068,2733,2550,4
ngc1566,2069,2145,2547,1
ngc1566,2070,3101,2545,4
ngc1566,2071,2671,2543,4
ngc1566,2072,3770,2541,2
ngc1566,2073,3770,2534,4
ngc1566,2074,3787,2539,1
ngc1566,2075,3124,2539,4
ngc1566,2076,3149,2536,4
ngc1566,2077,3162,2519,2
ngc1566,2078,3162,2507,3
ngc1566,2079,2333,2538,1
ngc1566,2080,2864,2532,1
ngc1566,2081,2803,2537,4
ngc1566,2082,2724,2535,4
ngc1566,2083,2820,2531,4
ngc1566,2084,2408,2534,4
ngc1566,2085,2407,2529,4
ngc1566,2086,2271,2534,2
ngc1566,2087,3843,2534,4
ngc1566,2088,3159,2512,3
ngc1566,2089,2515,2531,4
ngc1566,2090,4108,2531,2
ngc1566,2091,1879,2517,4
ngc1566,2092,1881,2528,4
ngc1566,2093,1884,2530,4
ngc1566,2094,1885,2526,4
ngc1566,2095,4191,2530,4
ngc1566,2096,1905,2523,4
ngc1566,2097,1896,2519,4
ngc1566,2098,1900,2516,4
ngc1566,2099,3953,2527,4
ngc1566,2100,2485,2528,4
ngc1566,2101,3898,2525,4
ngc1566,2102,2475,2523,4
ngc1566,2103,3098,2523,3
ngc1566,2104,2653,2524,1
ngc1566,2105,2703,2521,4
ngc1566,2106,3591,2520,3
ngc1566,2107,1991,2515,4
ngc1566,2108,1983,2499,4
ngc1566,2109,1979,2498,4
ngc1566,2110,1976,2508,3
ngc1566,2111,1972,2505,4
ngc1566,2112,1967,2503,4
ngc1566,2113,1910,2518,4
ngc1566,2114,1837,2518,4
ngc1566,2115,4424,2518,1
ngc1566,2116,1871,2514,4
ngc1566,2117,2022,2494,4
ngc1566,2118,2018,2507,2
ngc1566,2119,2025,2501,4
ngc1566,2120,2003,2511,4
ngc1566,2121,2147,2507,2
ngc1566,2122,2145,2500,4
ngc1566,2123,2141,2496,3
ngc1566,2124,1157,2509,1
ngc1566,2125,3606,2508,1
ngc1566,2126,1892,2504,4
ngc1566,2127,1906,2504,4
ngc1566,2128,1018,2504,4
ngc1566,2129,1934,2500,2
ngc1566,2130,3105,2499,4
ngc1566,2131,3127,2497,3
ngc1566,2132,3122,2495,4
ngc1566,2133,3109,2491,3
ngc1566,2134,3943,2501,4
ngc1566,2135,2807,2499,4
ngc1566,2136,2073,2497,1
ngc1566,2137,3917,2503,4
ngc1566,2138,1056,2496,3
ngc1566,2139,3145,2490,4
ngc1566,2140,1914,2489,4
ngc1566,2141,2029,2488,4
ngc1566,2142,3032,2487,1
ngc1566,2143,3464,2486,1
ngc1566,2144,3164,2485,4
ngc1566,2145,1953,2484,4
ngc1566,2146,3548,2485,1
ngc1566,2147,3203,2474,4
ngc1566,2148,2208,2486,4
ngc1566,2149,3900,2482,1
ngc1566,2150,3964,2481,4
ngc1566,2151,2204,2478,1
ngc1566,2152,5323,2478,4
ngc1566,2153,1988,2474,3
ngc1566,2154,3937,2475,4
ngc1566,2155,3936,2469,4
ngc1566,2156,3214,2476,4
ngc1566,2157,4351,2475,1
ngc1566,2158,3719,2473,4
ngc1566,2159,2059,2471,4
ngc1566,2160,1999,2472,1
ngc1566,2161,3630,2471,4
ngc1566,2162,2965,2468,1
ngc1566,2163,2795,2468,4
ngc1566,2164,2785,2461,4
ngc1566,2165,3157,2470,4
ngc1566,2166,3156,2463,4
ngc1566,2167,3164,2456,1
ngc1566,2168,2918,2470,4
ngc1566,2169,2921,2466,4
ngc1566,2170,1946,2443,4
ngc1566,2171,1961,2452,3
ngc1566,2172,3814,2467,4
ngc1566,2173,3368,2468,4
ngc1566,2174,3791,2466,4
ngc1566,2175,1927,2457,4
ngc1566,2176,1846,2461,4
ngc1566,2177,1841,2457,4
ngc1566,2178,3101,2459,4
ngc1566,2179,2022,2458,3
ngc1566,2180,1760,2458,4
ngc1566,2181,3172,2457,4
ngc1566,2182,3083,2456,4
ngc1566,2183,3386,2454,3
ngc1566,2184,3386,2447,4
ngc1566,2185,1068,2452,4
ngc1566,2186,4544,2453,1
ngc1566,2187,3186,2453,4
ngc1566,2188,2612,2452,2
ngc1566,2189,3749,2452,4
ngc1566,2190,3717,2445,4
ngc1566,2191,3717,2450,3
ngc1566,2192,3720,2448,3
ngc1566,2193,3110,2451,4
ngc1566,2194,3114,2450,4
ngc1566,2195,2487,2452,2
ngc1566,2196,2165,2450,1
ngc1566,2197,3619,2450,4
ngc1566,2198,3554,2449,1
ngc1566,2199,3065,2449,4
ngc1566,2200,3693,2446,4
ngc1566,2201,3627,2444,4
ngc1566,2202,3625,2439,4
ngc1566,2203,3108,2437,3
ngc1566,2204,3098,2433,4
ngc1566,2205,1953,2429,4
ngc1566,2206,1945,2454,4
ngc1566,2207,3151,2439,4
ngc1566,2208,3604,2438,4
ngc1566,2209,2035,2438,4
ngc1566,2210,3141,2435,4
ngc1566,2211,2162,2431,3
ngc1566,2212,1633,2434,1
ngc1566,2213,3310,2401,4
ngc1566,2214,3304,2430,4
ngc1566,2215,3307,2432,4
ngc1566,2216,3306,2414,4
ngc1566,2217,2982,2433,4
ngc1566,2218,1960,2465,4
ngc1566,2219,3617,2428,4
ngc1566,2220,3186,2424,1
ngc1566,2221,3113,2429,4
ngc1566,2222,3473,2428,4
ngc1566,2223,3119,2424,4
ngc1566,2224,3564,2427,4
ngc1566,2225,1973,2425,1
ngc1566,2226,1301,2419,1
ngc1566,2227,3624,2417,4
ngc1566,2228,1956,2416,4
ngc1566,2229,1949,2416,4
ngc1566,2230,3775,2416,4
ngc1566,2231,1127,2416,4
ngc1566,2232,2477,2413,1
ngc1566,2233,2241,2414,4
ngc1566,2234,1956,2458,3
ngc1566,2235,3175,2409,3
ngc1566,2236,3179,2405,4
ngc1566,2237,3848,2410,4
ngc1566,2238,3455,2411,4
ngc1566,2239,3464,2409,4
ngc1566,2240,3461,2408,3
ngc1566,2241,1906,2410,4
ngc1566,2242,3601,2408,4
ngc1566,2243,3266,2404,4
ngc1566,2244,3260,2404,4
ngc1566,2245,3259,2400,4
ngc1566,2246,1262,2406,1
ngc1566,2247,3103,2405,4
ngc1566,2248,3104,2400,4
ngc1566,2249,3117,2403,4
ngc1566,2250,1033,2401,3
ngc1566,2251,1952,2401,4
ngc1566,2252,1948,2384,4
ngc1566,2253,1966,2387,4
ngc1566,2254,1954,2390,2
ngc1566,2255,1959,2388,2
ngc1566,2256,3087,2401,4
ngc1566,2257,3090,2393,4
ngc1566,2258,3890,2401,4
ngc1566,2259,3556,2399,1
ngc1566,2260,4366,2391,3
ngc1566,2261,3649,2391,4
ngc1566,2262,3643,2390,4
ngc1566,2263,1052,2387,2
ngc1566,2264,1048,2382,4
ngc1566,2265,1048,2377,3
ngc1566,2266,3257,2387,4
ngc1566,2267,3112,2384,3
ngc1566,2268,3104,2379,3
ngc1566,2269,3111,2378,4
ngc1566,2270,3108,2378,3
ngc1566,2271,3396,2387,3
ngc1566,2272,3166,2385,4
ngc1566,2273,1876,2384,4
ngc1566,2274,3250,2384,4
ngc1566,2275,3196,2379,4
ngc1566,2276,3721,2380,4
ngc1566,2277,2052,2377,1
ngc1566,2278,5199,2366,4
ngc1566,2279,3226,2366,4
ngc1566,2280,3352,2371,4
ngc1566,2281,3130,2370,4
ngc1566,2282,3134,2361,4
ngc1566,2283,2511,2369,4
ngc1566,2284,3286,2366,4
ngc1566,2285,3067,2366,1
ngc1566,2286,1516,2363,2
ngc1566,2287,3316,2362,4
ngc1566,2288,3145,2359,4
ngc1566,2289,1897,2355,3
ngc1566,2290,1907,2343,3
ngc1566,2291,3968,2358,2
ngc1566,2292,3192,2356,4
ngc1566,2293,3627,2355,4
ngc1566,2294,3240,2356,4
ngc1566,2295,4135,2354,1
ngc1566,2296,3186,2354,4
ngc1566,2297,1939,2354,4
ngc1566,2298,3498,2350,3
ngc1566,2299,3549,2349,4
ngc1566,2300,3656,2347,4
ngc1566,2301,3036,2347,1
ngc1566,2302,3449,2346,4
ngc1566,2303,3132,2343,4
ngc1566,2304,2515,2344,1
ngc1566,2305,3827,2343,1
ngc1566,2306,3840,2340,1
ngc1566,2307,3121,2341,4
ngc1566,2308,3633,2331,4
ngc1566,2309,3187,2338,4
ngc1566,2310,3620,2329,4
ngc1566,2311,2861,2338,2
ngc1566,2312,3343,2333,4
ngc1566,2313,3830,2327,1
ngc1566,2314,1960,2329,4
ngc1566,2315,2046,2329,1
ngc1566,2316,1936,2329,4
ngc1566,2317,3601,2329,4
ngc1566,2318,3643,2327,4
ngc1566,2319,3642,2322,4
ngc1566,2320,2183,2327,1
ngc1566,2321,3547,2323,3
ngc1566,2322,3545,2326,3
ngc1566,2323,3540,2321,3
ngc1566,2324,2211,2326,1
ngc1566,2325,1082,2327,4
ngc1566,2326,2585,2324,4
ngc1566,2327,3582,2322,4
ngc1566,2328,3240,2321,4
ngc1566,2329,3233,2320,4
ngc1566,2330,3193,2318,2
ngc1566,2331,2480,2322,4
ngc1566,2332,2017,2322,4
ngc1566,2333,2567,2321,4
ngc1566,2334,2564,2318,4
ngc1566,2335,1949,2318,4
ngc1566,2336,3062,2319,1
ngc1566,2337,2550,2317,4
ngc1566,2338,2540,2316,4
ngc1566,2339,2637,2315,4
ngc1566,2340,3608,2312,2
ngc1566,2341,3525,2311,4
ngc1566,2342,3796,2311,4
ngc1566,2343,3850,2310,4
ngc1566,2344,2266,2308,1
ngc1566,2345,1981,2310,2
ngc1566,2346,3234,2305,4
ngc1566,2347,3287,2304,1
ngc1566,2348,3184,2306,4
ngc1566,2349,3410,2306,4
ngc1566,2350,3589,2293,4
ngc1566,2351,3599,2290,4
ngc1566,2352,3598,2296,3
ngc1566,2353,3593,2295,4
ngc1566,2354,2517,2302,4
ngc1566,2355,2577,2301,1
ngc1566,2356,3231,2297,4
ngc1566,2357,2188,2298,3
ngc1566,2358,2560,2295,1
ngc1566,2359,3802,2294,4
ngc1566,2360,3534,2292,1
ngc1566,2361,2850,2293,4
ngc1566,2362,2618,2291,3
ngc1566,2363,1984,2290,4
ngc1566,2364,2523,2290,4
ngc1566,2365,1668,2290,2
ngc1566,2366,3697,2288,1
ngc1566,2367,3364,2286,4
ngc1566,2368,3386,2284,4
ngc1566,2369,3530,2283,4
ngc1566,2370,2055,2283,4
ngc1566,2371,3323,2278,4
ngc1566,2372,3260,2280,4
ngc1566,2373,3258,2274,4
ngc1566,2374,1968,2279,4
ngc1566,2375,3300,2278,4
ngc1566,2376,2891,2276,4
ngc1566,2377,4012,2271,1
ngc1566,2378,3619,2271,4
ngc1566,2379,3435,2266,1
ngc1566,2380,2467,2271,1
ngc1566,2381,3366,2268,4
ngc1566,2382,2376,2264,1
ngc1566,2383,3457,2264,4
ngc1566,2384,3228,2262,4
ngc1566,2385,3239,2261,4
ngc1566,2386,2185,2261,4
ngc1566,2387,3283,2259,4
ngc1566,2388,3521,2257,1
ngc1566,2389,3387,2253,1
ngc1566,2390,3393,2249,4
ngc1566,2391,3405,2251,4
ngc1566,2392,3477,2248,4
ngc1566,2393,3421,2242,4
ngc1566,2394,2133,2235,1
ngc1566,2395,3144,2233,1
ngc1566,2396,2347,2231,1
ngc1566,2397,2159,2211,4
ngc1566,2398,2169,2214,4
ngc1566,2399,2161,2222,3
ngc1566,2400,2165,2219,3
ngc1566,2401,884,2227,4
ngc1566,2402,2224,2211,4
ngc1566,2403,2207,2219,1
ngc1566,2404,1783,2224,4
ngc1566,2405,2718,2222,1
ngc1566,2406,3018,2221,4
ngc1566,2407,3552,2215,1
ngc1566,2408,4017,2218,1
ngc1566,2409,1954,2216,4
ngc1566,2410,3305,2215,1
ngc1566,2411,2291,2212,1
ngc1566,2412,3823,2207,1
ngc1566,2413,2166,2227,3
ngc1566,2414,3842,2204,1
ngc1566,2415,1881,2234,4
ngc1566,2416,2007,2205,1
ngc1566,2417,3134,2202,4
ngc1566,2418,3128,2195,4
ngc1566,2419,2395,2202,2
ngc1566,2420,1728,2200,2
ngc1566,2421,3727,2197,1
ngc1566,2422,3101,2196,4
ngc1566,2423,2110,2191,4
ngc1566,2424,3074,2189,1
ngc1566,2425,1949,2186,1
ngc1566,2426,4055,2184,1
ngc1566,2427,3169,2182,4
ngc1566,2428,3165,2178,4
ngc1566,2429,2111,2185,4
ngc1566,2430,1773,2174,1
ngc1566,2431,1789,2173,4
ngc1566,2432,4565,2172,1
ngc1566,2433,1712,2169,2
ngc1566,2434,1716,2168,4
ngc1566,2435,2748,2166,4
ngc1566,2436,2105,2165,4
ngc1566,2437,3645,2165,1
ngc1566,2438,2082,2166,4
ngc1566,2439,3883,2164,1
ngc1566,2440,3302,2163,1
ngc1566,2441,2844,2159,2
ngc1566,2442,3602,2158,4
ngc1566,2443,1987,2154,1
ngc1566,2444,3265,2153,2
ngc1566,2445,2084,2146,4
ngc1566,2446,2731,2145,2
ngc1566,2447,2873,2138,3
ngc1566,2448,2874,2134,4
ngc1566,2449,2871,2131,3
ngc1566,2450,2174,2137,4
ngc1566,2451,2374,2135,4
ngc1566,2452,2112,2137,2
ngc1566,2453,2400,2132,1
ngc1566,2454,3210,2128,1
ngc1566,2455,1773,2129,1
ngc1566,2456,2761,2128,4
ngc1566,2457,4510,2118,1
ngc1566,2458,2116,2117,1
ngc1566,2459,2383,2110,4
ngc1566,2460,2137,2106,4
ngc1566,2461,2106,2105,4
ngc1566,2462,2060,2104,4
ngc1566,2463,1753,2104,1
ngc1566,2464,2970,2103,1
ngc1566,2465,3414,2098,2
ngc1566,2466,2444,2089,4
ngc1566,2467,3249,2088,1
ngc1566,2468,2051,2090,4
ngc1566,2469,2033,2085,4
ngc1566,2470,2031,2082,4
ngc1566,2471,2131,2081,2
ngc1566,2472,3467,2081,2
ngc1566,2473,3375,2066,4
ngc1566,2474,2132,2073,4
ngc1566,2475,2049,2071,4
ngc1566,2476,2841,2070,1
ngc1566,2477,2993,2065,1
ngc1566,2478,3358,2064,4
ngc1566,2479,3361,2063,4
ngc1566,2480,2014,2062,4
ngc1566,2481,1807,2059,1
ngc1566,2482,2537,2057,1
ngc1566,2483,4908,2057,4
ngc1566,2484,2097,2041,3
ngc1566,2485,3684,2037,1
ngc1566,2486,2234,2032,1
ngc1566,2487,3589,2029,4
ngc1566,2488,3391,2028,1
ngc1566,2489,4872,2004,4
ngc1566,2490,1988,2022,1
ngc1566,2491,3542,2022,1
ngc1566,2492,3442,2017,4
ngc1566,2493,2062,2015,2
ngc1566,2494,3489,2016,4
ngc1566,2495,2257,2015,2
ngc1566,2496,2138,2016,1
ngc1566,2497,2088,2012,3
ngc1566,2498,2012,2017,1
ngc1566,2499,2122,2016,4
ngc1566,2500,2103,2009,4
ngc1566,2501,2535,2006,1
ngc1566,2502,1816,2001,3
ngc1566,2503,3506,1997,4
ngc1566,2504,2075,1994,4
ngc1566,2505,2070,1992,4
ngc1566,2506,2108,1995,4
ngc1566,2507,2112,1996,4
ngc1566,2508,2125,1985,4
ngc1566,2509,2120,1937,3
ngc1566,2510,2076,1951,2
ngc1566,2511,2071,1939,3
ngc1566,2512,2134,1958,3
ngc1566,2513,2132,1950,2
ngc1566,2514,1918,1994,1
ngc1566,2515,4692,1987,1
ngc1566,2516,3987,1986,2
ngc1566,2517,2550,1987,4
ngc1566,2518,2157,1987,4
ngc1566,2519,2595,1986,4
ngc1566,2520,2609,1977,4
ngc1566,2521,2091,1979,3
ngc1566,2522,2650,1965,2
ngc1566,2523,1947,1962,2
ngc1566,2524,2160,1960,4
ngc1566,2525,2208,1955,4
ngc1566,2526,2175,1957,4
ngc1566,2527,2000,1951,1
ngc1566,2528,3992,1949,3
ngc1566,2529,1914,1936,4
ngc1566,2530,2177,1931,4
ngc1566,2531,2311,1932,1
ngc1566,2532,2275,1928,3
ngc1566,2533,2106,1930,4
ngc1566,2534,2197,1906,4
ngc1566,2535,2198,1919,3
ngc1566,2536,2198,1916,4
ngc1566,2537,2162,1919,4
ngc1566,2538,2265,1912,2
ngc1566,2539,2156,1902,4
ngc1566,2540,4764,1903,4
ngc1566,2541,3991,1902,1
ngc1566,2542,2032,1897,1
ngc1566,2543,3578,1896,2
ngc1566,2544,2797,1895,1
ngc1566,2545,2173,1895,4
ngc1566,2546,2094,1889,2
ngc1566,2547,3109,1892,1
ngc1566,2548,2243,1884,4
ngc1566,2549,2129,1878,1
ngc1566,2550,2631,1871,1
ngc1566,2551,2183,1866,4
ngc1566,2552,1919,1847,2
ngc1566,2553,2257,1846,4
ngc1566,2554,2250,1838,4
ngc1566,2555,2182,1834,2
ngc1566,2556,4499,1832,1
ngc1566,2557,2240,1823,4
ngc1566,2558,2388,1817,1
ngc1566,2559,1900,1810,3
ngc1566,2560,4201,1812,1
ngc1566,2561,3055,1791,1
ngc1566,2562,2252,1786,4
ngc1566,2563,3143,1785,1
ngc1566,2564,4128,1776,1
ngc1566,2565,2383,1776,1
ngc1566,2566,1880,1769,1
ngc1566,2567,3180,1765,1
ngc1566,2568,4365,1761,1
ngc1566,2569,4347,1755,1
ngc1566,2570,3625,1751,1
ngc1566,2571,2649,1750,1
ngc1566,2572,2520,1747,1
ngc1566,2573,4625,1742,4
ngc1566,2574,1813,1739,4
ngc1566,2575,1828,1734,4
ngc1566,2576,1823,1731,4
ngc1566,2577,1824,1724,2
ngc1566,2578,2262,1731,4
ngc1566,2579,2262,1724,3
ngc1566,2580,2318,1726,3
ngc1566,2581,4599,1727,4
ngc1566,2582,2443,1724,4
ngc1566,2583,2636,1735,1
ngc1566,2584,1922,1727,4
ngc1566,2585,2065,1725,1
ngc1566,2586,2399,1724,1
ngc1566,2587,2271,1724,4
ngc1566,2588,3744,1722,1
ngc1566,2589,1900,1721,4
ngc1566,2590,2286,1710,4
ngc1566,2591,2162,1702,4
ngc1566,2592,3776,1695,1
ngc1566,2593,2148,1691,1
ngc1566,2594,2138,1681,2
ngc1566,2595,3542,1671,1
ngc1566,2596,2208,1655,1
ngc1566,2597,2186,1651,4
ngc1566,2598,2165,1646,1
ngc1566,2599,3474,1621,1
ngc1566,2600,2213,1620,1
ngc1566,2601,4213,1616,4
ngc1566,2602,2360,1609,2
ngc1566,2603,2336,1597,4
ngc1566,2604,3629,1592,1
ngc1566,2605,4459,1587,4
ngc1566,2606,3429,1575,1
ngc1566,2607,2469,1581,1
ngc1566,2608,2433,1576,4
ngc1566,2609,2351,1578,4
ngc1566,2610,4450,1574,4
ngc1566,2611,2488,1565,1
ngc1566,2612,1821,1560,1
ngc1566,2613,2401,1555,1
ngc1566,2614,2139,1549,1
ngc1566,2615,2394,1529,2
ngc1566,2616,2390,1527,4
ngc1566,2617,2338,1520,2
ngc1566,2618,2234,1516,1
ngc1566,2619,3078,1508,1
ngc1566,2620,4389,1501,4
ngc1566,2621,2485,1502,2
ngc1566,2622,2437,1484,4
ngc1566,2623,3434,1478,1
ngc1566,2624,2411,1473,1
ngc1566,2625,4358,1465,4
ngc1566,2626,3180,1454,1
ngc1566,2627,3361,1452,1
ngc1566,2628,2669,1428,4
ngc1566,2629,3339,1423,1
ngc1566,2630,1889,1423,4
ngc1566,2631,2532,1401,1
ngc1566,2632,2843,1397,4
ngc1566,2633,2483,1399,2
ngc1566,2634,1949,1397,4
ngc1566,2635,2872,1383,4
ngc1566,2636,2863,1381,2
ngc1566,2637,2564,1381,1
ngc1566,2638,2832,1378,4
ngc1566,2639,2655,1370,1
ngc1566,2640,4236,1370,1
ngc1566,2641,2867,1366,4
ngc1566,2642,2860,1366,4
ngc1566,2643,4237,1362,4
ngc1566,2644,3595,1342,1
ngc1566,2645,2908,1335,4
ngc1566,2646,2575,1332,1
ngc1566,2647,2585,1332,1
ngc1566,2648,2718,1329,1
ngc1566,2649,2334,1324,1
ngc1566,2650,3191,1323,1
ngc1566,2651,2303,1321,4
ngc1566,2652,2023,1311,4
ngc1566,2653,4153,1304,1
ngc1566,2654,2234,1298,1
ngc1566,2655,2256,1288,4
ngc1566,2656,2591,1284,1
ngc1566,2657,2677,1261,1
ngc1566,2658,3609,1223,1
ngc1566,2659,3743,1221,1
ngc1566,2660,3979,1216,1
ngc1566,2661,2666,1193,4
ngc1566,2662,2603,1190,1
ngc1566,2663,3875,1186,1
ngc1566,2664,2673,1186,4
ngc1566,2665,3172,1166,1
ngc1566,2666,2511,1163,2
ngc1566,2667,2695,1159,1
ngc1566,2668,2865,1153,1
ngc1566,2669,2856,1146,4
ngc1566,2670,3595,1140,1
ngc1566,2671,2493,1138,1
ngc1566,2672,2309,1131,1
ngc1566,2673,4025,1133,4
ngc1566,2674,2903,1115,1
ngc1566,2675,3072,1104,1
ngc1566,2676,2822,1100,1
ngc1566,2677,3098,1098,1
ngc1566,2678,3123,1094,1
ngc1566,2679,3315,1086,1
ngc1566,2680,3136,1081,4
ngc1566,2681,3146,1087,1
ngc1566,2682,3391,1079,1
ngc1566,2683,2762,1081,1
ngc1566,2684,3217,1073,1
ngc1566,2685,2641,1066,4
ngc1566,2686,2568,1054,4
ngc1566,2687,2571,1048,1
ngc1566,2688,3201,1047,2
ngc1566,2689,2634,1045,4
ngc1566,2690,3139,1024,1
ngc1566,2691,3931,1023,4
ngc1566,2692,3559,1020,1
ngc1566,2693,2759,1019,4
ngc1566,2694,3875,1013,1
ngc1566,2695,2964,1006,1
ngc1566,2696,2761,1005,4
ngc1566,2697,2485,959,4
ngc1566,2698,2492,925,4
ngc1566,2699,2481,929,4
ngc1566,2700,2465,937,4
ngc1566,2701,2829,989,1
ngc1566,2702,3208,985,1
ngc1566,2703,2743,983,4
ngc1566,2704,3464,903,4
ngc1566,2705,3358,964,4
ngc1566,2706,3750,955,1
ngc1566,2707,3302,948,2
ngc1566,2708,2751,930,4
ngc1566,2709,2752,926,4
ngc1566,2710,3538,939,4
ngc1566,2711,3247,938,1
ngc1566,2712,2868,933,1
ngc1566,2713,2767,931,4
ngc1566,2714,2732,930,1
ngc1566,2715,2766,914,3
ngc1566,2716,2770,911,4
ngc1566,2717,3632,908,2
ngc1566,2718,3804,896,4
ngc1566,2719,3077,893,1
ngc1566,2720,3012,890,1
ngc1566,2721,3133,889,1
ngc1566,2722,3135,881,1
ngc1566,2723,2546,882,4
ngc1566,2724,3293,967,1
ngc1566,2725,3619,872,3
ngc1566,2726,2828,871,4
ngc1566,2727,2823,870,4
ngc1566,2728,3267,849,1
ngc1566,2729,2674,847,1
ngc1566,2730,3755,836,4
ngc1566,2731,3751,835,4
ngc1566,2732,3382,822,1
ngc1566,2733,3186,817,1
ngc1566,2734,2844,815,1
ngc1566,2735,3438,815,1
ngc1566,2736,2994,836,1
ngc1566,2737,2648,804,4
ngc1566,2738,2859,794,4
ngc1566,2739,3606,787,1
ngc1566,2740,2874,763,4
ngc1566,2741,2838,759,1
ngc1566,2742,2862,759,4
ngc1566,2743,2890,752,2
ngc1566,2744,2931,747,1
ngc1566,2745,3419,706,4
ngc1566,2746,2950,667,1
ngc1566,2747,3498,631,1
ngc1566,2748,3495,590,1
ngc1566,2749,3140,387,4
ngc1566,2750,3289,365,4
ngc1566,2751,3307,349,4
ngc1566,2752,3216,325,4
